B06011_001E,state,county,tract
25114,26,137,950400
26435,26,137,950500
49485,26,125,150900
60972,26,125,159000
27315,26,059,050400
26685,26,059,050800
25260,26,059,050500
26261,26,059,051000
24130,26,059,050600
15889,26,059,050700
26291,26,059,051200
31699,26,099,222500
42549,26,099,223400
27981,26,099,241000
31664,26,099,232200
29132,26,099,232300
28997,26,099,240300
49517,26,161,404300
40417,26,161,404500
21177,26,161,410500
18622,26,161,410700
20399,26,161,411100
30158,26,161,411700
25772,26,161,412300
21508,26,161,413000
40598,26,161,416000
48309,26,161,416200
9583,26,161,421900
43984,26,161,454000
42011,26,161,402500
73750,26,161,403100
26816,26,161,403600
44164,26,161,404600
22162,26,161,410300
20411,26,161,410800
54929,26,161,414900
26113,26,025,004000
28214,26,025,003000
31640,26,081,013100
30179,26,081,002200
40942,26,081,010903
29504,26,081,011500
33612,26,081,014601
35339,26,081,002900
31447,26,099,250700
28707,26,099,250900
27564,26,009,960300
26140,26,009,960400
30793,26,009,960600
27813,26,009,960100
20853,26,009,960700
-666666666,26,061,990100
18139,26,163,541400
17981,26,163,542700
31556,26,163,542800
38750,26,163,543000
13557,26,163,544200
17297,26,163,545700
25682,26,163,546900
65446,26,163,550600
52363,26,163,550700
46597,26,163,551200
10999,26,163,553400
16767,26,163,553800
41413,26,163,554700
31354,26,163,554800
25424,26,163,555400
34623,26,163,556300
30888,26,163,557200
39773,26,163,557500
32398,26,163,582100
27853,26,163,580700
33799,26,163,581500
25475,26,163,581800
24340,26,163,584300
32170,26,163,588200
31509,26,163,588300
35696,26,163,588400
28557,26,163,594500
42909,26,163,596100
52031,26,163,596300
15341,26,163,536500
15174,26,163,537000
39873,26,139,023001
32196,26,139,023002
39434,26,139,023500
35570,26,139,023600
22490,26,139,024400
39054,26,139,024600
8713,26,139,024900
34754,26,139,024300
5277,26,139,024500
24640,26,139,025100
25897,26,139,025200
31260,26,139,025500
28566,26,139,025700
28981,26,139,025800
-666666666,26,139,990000
-666666666,26,141,990000
-666666666,26,147,990000
25484,26,149,041101
31726,26,149,041102
-666666666,26,151,990000
17088,26,153,000300
31591,26,155,031301
27142,26,155,031302
26341,26,157,000100
25894,26,157,000200
27370,26,157,000300
28814,26,157,000400
26250,26,157,000500
17773,26,143,971200
25870,26,153,000100
24954,26,153,000200
-666666666,26,153,990000
19215,26,157,000600
26414,26,157,000700
26753,26,157,000800
20625,26,157,000900
22431,26,157,001000
25442,26,049,011711
24148,26,049,012601
27863,26,049,012603
28250,26,049,010502
38313,26,049,011102
31074,26,049,011209
21158,26,049,011508
25084,26,099,260100
38333,26,093,740700
31803,26,093,741100
24868,26,125,194500
53375,26,125,197000
45949,26,125,198000
35408,26,125,132700
59337,26,125,137800
39682,26,125,123100
33377,26,125,127300
31747,26,125,127500
46759,26,125,128800
39556,26,125,131300
41933,26,125,132600
37366,26,125,134000
56037,26,125,136300
54813,26,125,136700
57885,26,125,137100
33105,26,125,139200
31181,26,125,140500
40763,26,125,140800
16009,26,125,141200
20849,26,125,141400
62823,26,125,150200
32081,26,125,154200
31262,26,125,157200
35119,26,125,157400
36735,26,125,157700
52708,26,125,166200
38859,26,125,160700
34212,26,125,161100
24917,26,125,161900
49318,26,125,166700
46186,26,125,168600
52311,26,125,170000
13945,26,049,010304
23462,26,049,010501
25044,26,049,010813
40402,26,049,011101
33073,26,049,011601
35802,26,049,011710
22891,26,049,012311
30785,26,049,012501
35126,26,049,012904
34868,26,049,013001
40872,26,049,013112
32295,26,049,010610
30216,26,049,011210
23476,26,049,011401
19429,26,049,012310
32958,26,049,012704
34858,26,049,012801
35431,26,049,013113
38828,26,049,013402
15670,26,049,000300
11783,26,049,000400
19821,26,049,000500
17673,26,049,001000
17403,26,049,001600
15754,26,049,001900
14627,26,049,002000
14912,26,049,002200
12155,26,049,002300
17209,26,049,002700
41190,26,125,128600
28190,26,125,122900
47807,26,125,127200
32270,26,125,127400
38393,26,125,130000
36811,26,125,130100
32787,26,125,130200
36920,26,125,130600
40303,26,125,131100
42861,26,125,131400
30385,26,125,131800
41694,26,125,134300
41753,26,125,136000
35469,26,125,139400
17594,26,125,141700
31000,26,125,144100
34761,26,049,012703
38897,26,049,012906
27312,26,049,010603
27074,26,049,011212
41743,26,049,011213
32844,26,049,011402
26859,26,049,011713
36932,26,049,011714
26012,26,099,263700
34780,26,099,215300
34441,26,099,223500
30230,26,099,224600
33616,26,099,227300
19782,26,099,268100
19306,26,099,263800
21361,26,099,263900
21793,26,099,264200
31307,26,099,260200
26194,26,099,260300
24984,26,099,261100
27288,26,099,262700
19865,26,099,263500
25508,26,099,230800
23775,26,099,231600
27327,26,099,231900
33106,26,099,232100
26723,26,099,232400
22717,26,099,240000
31776,26,099,240400
30861,26,099,240900
28589,26,099,241600
34268,26,099,245300
16304,26,099,245400
17321,26,099,247100
51384,26,099,247400
33781,26,099,250600
39408,26,099,252000
30345,26,099,254000
42102,26,099,215000
20056,26,025,001100
25120,26,025,003100
26314,26,031,960400
21558,26,031,960800
34333,26,125,144300
31221,26,125,144800
34615,26,125,145100
34630,26,125,145200
26348,26,125,145400
55588,26,125,153000
46159,26,125,157000
29276,26,125,181500
34323,26,125,144200
36399,26,125,144500
53235,26,125,150000
25354,26,081,014704
39838,26,081,014803
32915,26,081,014804
49179,26,081,011901
30854,26,081,012003
24855,26,081,013000
22817,26,081,013500
36301,26,081,000300
21726,26,081,001300
29028,26,081,004300
25216,26,081,003000
16793,26,081,003200
33717,26,081,010302
31232,26,081,010902
40105,26,081,011002
38063,26,081,011804
31348,26,089,970200
33870,26,089,970300
32017,26,089,970600
30025,26,087,330000
31217,26,087,333000
26724,26,087,330500
21916,26,087,340500
24583,26,087,334000
30140,26,087,342000
26238,26,087,333500
23418,26,087,337500
32765,26,087,338000
19974,26,087,339500
-666666666,26,087,336500
21828,26,087,337000
25829,26,157,001200
28503,26,157,001300
-666666666,26,157,990000
38333,26,163,591600
39596,26,163,594100
35027,26,163,595200
23296,26,163,503300
25282,26,163,500600
22139,26,163,504900
14914,26,163,507900
24280,26,163,513300
13699,26,163,516600
14205,26,163,518800
13626,26,163,520400
18018,26,163,521500
27031,26,077,001907
33775,26,077,002005
32076,26,077,002700
30275,26,077,002802
21881,26,077,002201
14189,26,077,000300
16240,26,077,000600
25679,26,077,001603
28401,26,077,001702
38088,26,077,002003
42148,26,077,002004
40579,26,077,001200
21834,26,077,001905
36371,26,077,002002
33145,26,077,002901
46798,26,077,003003
33837,26,077,003302
46667,26,125,138600
30833,26,125,140700
17988,26,125,142200
28511,26,125,142600
32875,26,125,144400
85347,26,125,153300
41893,26,125,154000
33177,26,125,156900
44024,26,125,157100
30325,26,125,160500
30352,26,081,014502
41162,26,081,014805
24572,26,157,001100
31011,26,149,041300
31733,26,149,040100
29192,26,149,040500
25890,26,149,041400
27282,26,149,041000
23596,26,147,631600
23809,26,147,644000
30962,26,147,651100
29245,26,147,637200
22352,26,147,657100
33808,26,147,627000
31484,26,147,635000
40847,26,147,640100
29695,26,147,640600
37338,26,147,641000
24691,26,073,940400
13728,26,073,940500
34629,26,073,940600
33750,26,075,006303
35485,26,075,006304
29087,26,075,006803
32596,26,075,006804
16436,26,075,006900
30509,26,077,003500
26026,26,077,005501
28375,26,077,005502
29908,26,077,006102
35701,26,077,006601
29555,26,077,006701
31346,26,077,006702
32442,26,081,011405
23757,26,081,011406
25982,26,081,012607
27140,26,081,012608
26903,26,083,000100
-666666666,26,083,980100
-666666666,26,083,990100
50263,26,125,157800
54792,26,125,157900
28898,26,065,002901
40137,26,065,003302
25727,26,065,005100
17188,26,065,004000
23150,26,065,005304
36299,26,091,060600
27334,26,091,060500
20618,26,091,061302
21029,26,091,061600
25987,26,091,061800
27672,26,091,060800
29913,26,091,061200
32818,26,091,060100
16105,26,091,061301
25837,26,091,061900
34446,26,037,010107
46218,26,037,010108
30027,26,037,010801
32866,26,037,010802
37049,26,037,011104
9091,26,037,011200
38973,26,045,020303
39291,26,045,020304
31721,26,045,020403
23676,26,163,568800
30107,26,163,568900
13894,26,163,573701
17146,26,163,573702
33214,26,163,574202
40780,26,163,579900
29425,26,163,591501
43852,26,161,455000
10898,26,161,400800
28015,26,161,402200
21164,26,161,400100
34630,26,161,400400
32543,26,161,400700
30142,26,161,402100
43889,26,161,403500
71139,26,161,405300
18885,26,125,175100
22023,26,125,181000
38870,26,125,183000
46671,26,125,184200
41813,26,125,184400
53847,26,125,184500
64031,26,125,187000
56367,26,125,188000
59688,26,125,196400
54904,26,125,192200
77763,26,125,192500
53722,26,125,192700
50148,26,125,197200
29867,26,125,197400
44321,26,125,197500
37685,26,021,001600
26057,26,021,010500
30625,26,021,011000
32029,26,021,011100
25485,26,021,011500
27180,26,099,262800
28232,26,099,268000
26780,26,099,206700
33702,26,099,214000
25763,26,099,255400
22642,26,099,258700
33912,26,099,260000
30465,26,099,261500
32656,26,099,267600
27208,26,099,231400
46319,26,099,224000
34292,26,099,224200
35686,26,099,228000
33091,26,099,231800
27540,26,099,240500
40611,26,099,242500
36699,26,099,250100
26708,26,099,251700
28026,26,099,255500
32202,26,099,258000
51900,26,099,215200
20925,26,165,380300
23396,26,165,380500
24529,26,165,380600
20069,26,165,380700
24306,26,165,380800
27739,26,001,000100
22458,26,001,970500
23956,26,001,970100
20940,26,001,970400
23500,26,001,970600
-666666666,26,001,990000
21032,26,003,000100
25968,26,003,000200
22060,26,003,000300
55313,26,161,403200
46600,26,161,405200
51518,26,161,406000
42000,26,161,407600
14091,26,161,410600
17678,26,161,411000
46993,26,161,414700
44375,26,161,415400
74125,26,161,415600
35769,26,161,420000
38971,26,161,423600
19375,26,125,142400
31719,26,125,145300
75082,26,125,151000
51968,26,125,152900
52326,26,125,156400
42964,26,125,160000
38207,26,125,160800
37619,26,125,160900
10667,26,121,000402
14578,26,121,004200
14224,26,121,004300
40299,26,125,121800
50524,26,125,133001
42500,26,125,133002
69258,26,125,196600
44056,26,125,196900
24698,26,125,198100
34331,26,125,197600
40576,26,125,157600
45395,26,125,166400
4749,26,125,192800
28375,26,125,162100
38029,26,125,171100
62574,26,125,188100
27099,26,125,144900
68278,26,125,150500
32986,26,147,637100
38476,26,147,640200
26106,26,147,643000
34048,26,147,652100
26380,26,147,655100
29151,26,147,630400
30263,26,147,631100
26872,26,147,649000
28182,26,147,651200
32391,26,147,650200
19927,26,159,010200
28641,26,159,010300
31598,26,159,010900
30466,26,159,011002
26447,26,159,010500
26734,26,159,010100
27057,26,159,011500
16779,26,159,010600
27221,26,159,011300
23171,26,159,011400
24712,26,159,011600
27696,26,159,010400
51125,26,161,403400
36538,26,161,403800
22480,26,163,552200
34728,26,163,594200
32249,26,163,589400
32013,26,163,591900
38654,26,163,594000
13162,26,163,537300
18553,26,163,537500
23613,26,163,538600
18431,26,163,538700
30825,26,163,538800
32616,26,087,342100
-666666666,26,089,990000
36806,26,091,060301
36346,26,145,011200
20217,26,155,030700
22547,26,155,030800
34066,26,155,031500
30559,26,155,030100
27891,26,155,031800
27900,26,155,030400
27137,26,155,031700
21280,26,155,030600
35986,26,155,031402
25548,26,155,030300
28936,26,155,030200
34242,26,155,031401
22849,26,155,031600
25865,26,155,030500
30172,26,045,020902
27286,26,045,021001
36541,26,045,021002
32859,26,045,021201
36172,26,045,021202
31374,26,045,021301
21980,26,045,021302
30391,26,045,021401
35181,26,045,021402
-666666666,26,049,980100
24531,26,051,000100
24469,26,051,000200
23690,26,051,000300
-666666666,26,047,990000
13318,26,049,013500
12008,26,049,013600
38750,26,049,980000
25321,26,051,000400
26272,26,033,971000
23066,26,033,970400
20046,26,033,970700
28603,26,033,970100
16432,26,033,970300
32304,26,049,011503
26033,26,049,012100
27462,26,049,012503
18873,26,049,000200
25075,26,049,000900
34556,26,049,010114
32723,26,049,011902
31121,26,049,012401
28804,26,049,012402
47500,26,125,170400
19690,26,125,171600
38207,26,125,173500
37671,26,125,121500
35455,26,125,122200
42905,26,125,184700
24133,26,125,175000
21722,26,125,175200
26280,26,125,181300
47770,26,125,191200
48345,26,125,193400
42134,26,163,556400
32411,26,163,558200
29604,26,163,538100
22596,26,163,570900
35700,26,163,575400
17484,26,163,579700
23039,26,163,584600
28461,26,163,554200
25278,26,151,970500
23713,26,151,970600
22256,26,151,971000
28986,26,151,970100
25752,26,151,970300
23405,26,151,971100
22044,26,151,970400
24940,26,151,970800
22971,26,151,970900
25797,26,151,970700
24632,26,151,971200
25702,26,151,970200
20348,26,131,970100
23087,26,131,970300
28395,26,027,001100
82500,26,125,153100
34674,26,125,157500
56767,26,125,158000
47012,26,125,158100
64961,26,125,158200
25578,26,125,160300
30478,26,125,161600
47092,26,125,166000
32649,26,125,166600
45972,26,125,167800
17761,26,021,002100
34792,26,021,001700
19964,26,129,950100
21861,26,129,950300
20903,26,129,950600
25243,26,129,950400
21220,26,129,950500
26801,26,129,950200
23571,26,135,970500
19915,26,135,970300
20642,26,135,970400
22245,26,039,960100
23777,26,039,960200
25336,26,039,960400
24788,26,039,960500
20502,26,039,960300
17619,26,037,010203
32338,26,037,010600
40893,26,037,010204
37889,26,037,010300
33225,26,163,597000
25417,26,163,584500
28844,26,163,585700
33493,26,093,742201
33101,26,027,001200
32953,26,027,001000
26160,26,027,001500
28117,26,143,970700
22098,26,093,742202
24262,26,093,742401
40506,26,093,742402
-666666666,26,097,990000
-666666666,26,095,980000
-666666666,26,095,990000
42016,26,099,220001
30137,26,099,220002
18497,26,163,522100
12971,26,163,525500
25191,26,159,011800
36941,26,159,011900
20610,26,159,012000
-666666666,26,159,990000
22287,26,161,411900
23056,26,161,412000
46055,26,161,413401
43837,26,161,413402
40089,26,161,413403
33342,26,161,446200
51686,26,161,446400
27188,26,161,984000
16079,26,163,505400
11145,26,163,505500
18083,26,163,508100
13573,26,163,511000
16948,26,163,511300
14542,26,163,511400
19119,26,163,513700
14844,26,163,514200
11294,26,163,515900
16914,26,163,516000
21674,26,163,517300
10998,26,163,518900
10754,26,163,522500
16158,26,163,511900
16446,26,163,524900
16875,26,163,525000
33125,26,081,002000
16844,26,081,002600
26685,26,081,011401
37068,26,081,011600
27577,26,081,001102
30758,26,081,001200
27944,26,081,002100
26904,26,081,002500
14099,26,081,002700
32415,26,081,003400
27644,26,081,004100
25324,26,081,010200
28098,26,081,010301
31324,26,081,010700
33316,26,081,011101
41330,26,081,011801
23065,26,147,630100
19458,26,147,636000
30284,26,147,655600
31109,26,147,645000
30851,26,147,648000
30469,26,147,650100
20110,26,147,620000
21444,26,147,621000
23164,26,147,626000
23836,26,147,629000
36609,26,147,633100
26081,26,147,637300
33531,26,147,642000
28887,26,147,646000
30921,26,147,657200
31040,26,147,658500
19889,26,147,622000
11882,26,147,624000
28912,26,147,632000
28409,26,147,633200
25291,26,147,634100
15414,26,163,512100
11143,26,163,512300
16366,26,163,535000
17899,26,163,525600
15119,26,163,526000
15964,26,163,533100
16549,26,085,961100
16897,26,085,961200
19563,26,085,961300
30124,26,077,006103
25353,26,079,950601
26316,26,079,950602
30574,26,055,551000
29616,26,055,551100
27163,26,055,551200
22121,26,055,551300
29000,26,055,551400
31673,26,055,551500
-666666666,26,055,990000
25048,26,057,000100
30845,26,057,000200
21980,26,057,000300
2499,26,057,000400
15867,26,057,000500
22090,26,057,000600
26415,26,057,000700
31741,26,057,000800
27649,26,057,000900
26835,26,057,001000
22983,26,099,262400
25402,26,099,262500
19783,26,163,530400
15397,26,163,531500
13214,26,163,532400
20000,26,163,534100
14186,26,163,534400
17120,26,163,537100
22291,26,163,566900
12634,26,163,507000
15485,26,163,501600
17837,26,163,506300
27031,26,163,506700
16149,26,163,507200
40642,26,099,224100
30491,26,099,225600
35335,26,099,225800
37667,26,099,225900
20149,26,099,230500
22326,26,099,231700
31678,26,099,240600
36638,26,099,241400
39704,26,099,247200
-666666666,26,105,990000
28484,26,111,291601
26524,26,111,291602
25620,26,117,970100
21195,26,117,970200
29233,26,117,970300
22039,26,117,970400
24915,26,117,970500
24585,26,117,970600
26250,26,117,970700
25116,26,117,970800
23054,26,117,970900
4765,26,107,981300
75338,26,163,561200
77352,26,163,561300
70816,26,163,564401
68763,26,163,564402
73583,26,163,564501
48680,26,163,564502
47355,26,163,564503
44764,26,163,564504
34945,26,163,567201
29948,26,163,567202
45200,26,125,156200
58750,26,125,152000
51596,26,125,156500
42917,26,125,166500
43056,26,125,168500
40429,26,125,180100
71786,26,125,190800
47587,26,125,196300
47961,26,125,134500
39174,26,125,122700
45833,26,125,156000
31381,26,125,134900
16226,26,125,142000
40759,26,125,161500
29628,26,125,167400
32013,26,125,173600
45660,26,125,121400
58000,26,125,128700
28190,26,125,134700
38038,26,147,647000
27989,26,147,651600
31031,26,147,652600
30980,26,147,658100
18512,26,147,623000
18931,26,147,625000
22221,26,147,628000
27587,26,147,634600
30404,26,163,556200
12013,26,163,553000
20358,26,163,553600
30564,26,163,554900
43567,26,163,556700
39694,26,163,557700
31686,26,163,558300
31976,26,163,558500
37346,26,163,558700
39709,26,163,560200
61081,26,163,561900
21290,26,163,564900
36565,26,163,565200
37031,26,163,515400
35670,26,163,515700
17417,26,163,516400
15589,26,033,970900
27211,26,033,970500
26662,26,033,970600
20882,26,033,970200
26758,26,033,970800
26670,26,115,830300
19984,26,115,832100
27358,26,025,003700
31935,26,121,002300
27854,26,121,003900
15415,26,121,000100
20184,26,121,001200
32205,26,121,001700
29937,26,121,001800
30808,26,121,002400
31781,26,121,002800
15649,26,121,000300
19293,26,121,000800
16511,26,121,001402
26125,26,121,001902
23744,26,121,002601
29228,26,121,002700
29586,26,121,002900
29200,26,121,000900
33333,26,121,001600
25164,26,121,002000
26078,26,121,002602
24675,26,121,003300
28883,26,121,001901
27527,26,121,003000
23134,26,127,010300
18992,26,127,010500
20100,26,127,010400
28424,26,089,970500
39571,26,089,970400
26944,26,089,970100
31754,26,161,420200
44008,26,161,422200
35696,26,161,432000
14478,26,161,400300
39255,26,161,400600
29028,26,161,404200
38614,26,161,414500
39844,26,161,423400
59245,26,161,453000
39132,26,161,445000
38173,26,125,173100
38916,26,125,173400
26106,26,099,230000
24191,26,099,241700
35829,26,099,251400
28404,26,099,261300
35136,26,099,260400
35278,26,099,261600
32048,26,099,262000
20750,26,099,263600
35055,26,099,222102
26616,26,099,222101
27073,26,099,225701
31573,26,099,225702
40159,26,099,230601
60500,26,081,012300
31721,26,081,012703
26121,26,081,012800
33256,26,081,013200
27361,26,081,014100
24934,26,081,014200
26641,26,081,000100
34172,26,081,000500
27947,26,081,001700
39191,26,081,002300
21148,26,081,002400
15777,26,081,002800
24196,26,081,001000
20953,26,081,001500
26424,26,081,003300
20094,26,081,004000
33538,26,081,010101
26396,26,081,010401
24825,26,081,010402
35173,26,081,011301
46821,26,081,012201
48761,26,081,012202
51445,26,081,012400
32238,26,081,012702
26801,26,081,013400
31281,26,081,013900
26133,26,081,014300
36399,26,081,001400
31526,26,081,012004
40820,26,081,012605
22636,26,081,012606
26488,26,081,012902
27200,26,081,013801
35510,26,081,014602
35740,26,081,014807
27285,26,081,000700
19734,26,081,000900
14916,26,081,003700
28125,26,081,010102
36404,26,081,010600
44123,26,081,010801
36078,26,081,010904
27043,26,081,011200
36800,26,081,011302
30432,26,081,011403
25264,26,081,011702
30266,26,081,011803
25605,26,081,000200
34396,26,081,000600
21946,26,081,001101
19171,26,081,001900
20871,26,081,003500
15042,26,081,003600
18540,26,081,003900
28750,26,081,004600
33404,26,081,010802
62706,26,081,012500
25339,26,081,013802
4397,26,065,004493
36283,26,065,004801
37318,26,065,004802
30375,26,065,005401
31135,26,065,006301
35219,26,065,006302
37336,26,065,006401
31353,26,065,006402
21293,26,065,006600
22398,26,065,006700
15943,26,065,006800
30060,26,065,007000
4593,26,065,980000
-666666666,26,065,980100
-666666666,26,065,980200
-666666666,26,065,980300
29349,26,067,031900
24494,26,067,032100
4792,26,067,982200
26192,26,069,000100
29123,26,099,250200
32475,26,099,250400
36083,26,099,251300
20618,26,099,255200
22358,26,099,255900
26268,26,099,256000
25000,26,099,256300
30029,26,099,258500
40192,26,099,214500
25575,26,099,258800
27275,26,099,260700
31258,26,099,260900
33284,26,099,261200
31032,26,099,262200
14458,26,099,263200
21054,26,099,264000
40680,26,099,225100
37452,26,099,221500
35631,26,099,224400
31845,26,099,230400
28212,26,099,230700
33263,26,099,231000
25702,26,107,960200
23151,26,107,960400
27038,26,107,961000
4248,26,103,000500
38578,26,103,002600
21281,26,103,000100
28025,26,103,001700
24023,26,103,000700
29358,26,103,001200
18202,26,103,002400
26627,26,103,000200
18709,26,103,000300
25338,26,103,002300
36318,26,103,001500
23212,26,103,001800
30029,26,103,002100
46484,26,065,005700
20102,26,065,000800
26623,26,065,002700
21868,26,065,003500
23028,26,065,002800
22846,26,065,003301
27227,26,065,003400
21390,26,065,003700
37894,26,163,591502
-666666666,26,163,985000
30662,26,163,985100
-666666666,26,163,985200
21202,26,163,985300
-666666666,26,163,985400
-666666666,26,163,985500
-666666666,26,163,985600
-666666666,26,163,985700
-666666666,26,163,985900
-666666666,26,163,990100
-666666666,26,163,990200
26512,26,165,380400
21532,26,165,380100
25289,26,165,380200
23840,26,079,950200
24842,26,079,950300
23738,26,079,950400
43393,26,111,290300
22723,26,111,291500
24545,26,111,291700
18348,26,111,290600
31491,26,111,290700
31951,26,111,290500
34988,26,111,290900
33808,26,111,291000
28470,26,111,291300
24675,26,111,290100
27255,26,125,193500
56571,26,125,194200
31625,26,125,122400
31266,26,125,123000
44323,26,125,126200
43135,26,125,126400
30181,26,125,126500
47108,26,125,127100
34385,26,125,127700
25078,26,125,128400
62258,26,125,128900
40748,26,125,129000
33212,26,125,130300
33929,26,125,131600
52853,26,125,196700
47778,26,125,197100
44479,26,125,128200
32748,26,125,125000
27538,26,099,251800
32346,26,099,252100
29688,26,099,255800
25526,26,099,256200
58529,26,163,562600
24020,26,163,566700
19279,26,163,571500
27246,26,163,584700
28379,26,111,291400
37756,26,111,290800
29879,26,111,291200
31992,26,021,020300
23849,26,021,021000
24882,26,021,021100
23618,26,021,021200
13861,26,021,000400
37375,26,021,001400
28012,26,021,001900
40315,26,021,001100
23187,26,163,523800
17699,26,163,524000
16258,26,163,524100
15925,26,163,525400
22152,26,163,525700
14211,26,163,526500
16496,26,163,530300
11525,26,163,531700
18567,26,163,532600
14706,26,163,532700
13310,26,163,533200
23327,26,163,533700
18911,26,163,521900
16352,26,163,516900
26101,26,163,521400
9778,26,163,522400
19255,26,163,523200
17688,26,163,524700
18988,26,163,525800
17696,26,163,526200
23682,26,163,530500
11029,26,163,531100
26096,26,163,531200
18043,26,163,531600
15051,26,163,533300
14656,26,163,534200
15929,26,163,535200
58950,26,161,404400
23427,26,161,410100
34221,26,161,412600
36586,26,161,431000
57759,26,161,456000
31536,26,161,410400
36392,26,139,020600
30930,26,139,021500
30845,26,139,020400
27135,26,139,021000
35071,26,139,021100
24685,26,021,020200
19274,26,021,020700
10130,26,021,021300
40490,26,021,001800
21725,26,021,002000
24614,26,021,002500
29955,26,021,010200
29387,26,021,000900
37009,26,021,001000
34457,26,021,001300
31080,26,021,011600
22571,26,021,020900
23694,26,021,021400
31424,26,021,000700
35705,26,021,001500
16129,26,021,002300
30819,26,021,010100
27448,26,021,010600
29710,26,021,011200
15085,26,021,000300
12489,26,021,000500
40608,26,021,000800
25505,26,021,002400
32117,26,021,011300
29894,26,021,011400
32556,26,021,020100
17135,26,021,000600
13948,26,021,002200
23726,26,021,010400
30214,26,021,020400
17122,26,021,020500
22748,26,021,010300
24557,26,021,020600
47969,26,125,168700
61792,26,125,197701
23815,26,031,960200
25901,26,031,960600
22731,26,031,960300
26788,26,031,960700
22344,26,031,960100
25709,26,031,960500
23403,26,095,960200
20058,26,095,960100
39871,26,081,012604
20054,26,081,012901
26380,26,081,013300
25573,26,081,013600
33561,26,081,014501
25931,26,081,014701
27931,26,087,339000
30928,26,087,334500
25797,26,087,331000
24701,26,087,331500
28671,26,087,332000
31928,26,087,336000
29060,26,087,338500
34099,26,087,340000
34782,26,087,341000
27261,26,087,332500
31226,26,087,341500
24951,26,081,004500
18241,26,081,003100
16007,26,081,003800
33066,26,081,004200
40881,26,081,011001
36614,26,081,011102
25718,26,069,000200
23728,26,069,000300
23992,26,069,000400
21931,26,069,000500
23845,26,069,000600
20830,26,069,000700
19625,26,069,000800
22034,26,069,000900
-666666666,26,069,990000
24882,26,071,000100
30084,26,071,000200
19347,26,071,000300
22553,26,071,000400
22221,26,071,000500
27017,26,073,000100
27043,26,073,000200
26460,26,073,000300
9106,26,073,000400
6262,26,073,000500
20596,26,073,000600
5206,26,073,000700
9343,26,073,000800
27679,26,073,000900
27904,26,073,940100
26896,26,073,940200
25737,26,073,940300
28017,26,125,161800
31397,26,125,162500
39074,26,125,166800
39141,26,125,166900
26161,26,125,167300
54146,26,125,168100
29872,26,125,171200
20405,26,125,172400
50176,26,125,173200
40167,26,125,180000
51883,26,125,183400
57778,26,125,184000
42402,26,125,184300
56763,26,125,190200
45466,26,125,193000
45132,26,125,194100
41471,26,125,194600
40771,26,125,196000
50100,26,125,196500
35639,26,125,197300
30556,26,065,003901
18903,26,065,004301
32195,26,065,006200
10176,26,065,004403
53654,26,065,004600
25788,26,065,000100
27778,26,065,000400
20752,26,065,002902
20446,26,065,003602
22481,26,065,005201
6281,26,065,004100
13475,26,065,004402
25009,26,065,004500
31617,26,065,005303
40078,26,065,005501
30808,26,065,002300
7723,26,065,004302
19144,26,085,960100
34181,26,125,180300
27386,26,125,181200
36875,26,125,193600
52702,26,125,127600
40118,26,125,128300
36250,26,125,130500
33592,26,125,130700
46122,26,125,134800
46494,26,125,136600
35331,26,125,136800
26941,26,125,140600
36713,26,037,010400
39683,26,037,010902
28092,26,037,011001
26679,26,037,010702
37234,26,037,011101
41009,26,037,011002
30896,26,091,060700
20170,26,091,061700
19375,26,091,061500
28556,26,091,062000
20654,26,091,061400
25664,26,105,950400
22674,26,105,950600
23695,26,105,950100
30414,26,105,950200
21250,26,105,950700
30572,26,105,950300
22401,26,105,950500
28181,26,105,950800
31048,26,029,001200
30214,26,029,001300
29201,26,029,001400
23654,26,029,001000
20917,26,029,001100
26216,26,029,001500
-666666666,26,029,990000
-666666666,26,033,980100
5023,26,033,980200
-666666666,26,033,980300
-666666666,26,031,990000
-666666666,26,033,990000
-666666666,26,033,990100
20814,26,035,000100
21399,26,035,000200
19135,26,035,000300
22194,26,035,000400
19386,26,035,000500
14875,26,163,504400
13760,26,163,536600
14879,26,163,536900
13289,26,163,537200
19591,26,163,539600
19265,26,163,542100
17909,26,163,542300
19065,26,163,544000
36225,26,045,020404
-666666666,26,041,990000
-666666666,26,041,990100
23375,26,099,218000
45218,26,099,225200
36250,26,099,225300
45313,26,099,226400
23654,26,099,228100
23564,26,099,231500
24987,26,099,241300
28558,26,099,242000
15913,26,099,245000
16291,26,099,245200
30801,26,099,250300
32355,26,099,250800
37854,26,099,251500
31720,26,099,254500
24086,26,099,255300
27436,26,099,255600
28142,26,099,256400
26622,26,099,256800
22355,26,099,258300
27875,26,099,258600
44090,26,099,221800
33204,26,099,227000
37470,26,099,244000
30052,26,099,256100
33973,26,099,262300
50609,26,099,247300
44625,26,099,223900
23900,26,099,241200
25071,26,099,255100
25541,26,099,258200
29313,26,099,210000
38355,26,099,224300
30449,26,099,230900
28086,26,099,211000
33783,26,099,242100
30842,26,099,251900
62298,26,125,197702
53550,26,125,168800
42004,26,125,168900
-666666666,26,125,981000
24116,26,127,010600
33707,26,091,060302
30050,26,091,060401
29538,26,091,062200
27636,26,091,060402
33363,26,091,062100
36278,26,091,062300
33075,26,091,062400
36814,26,093,712101
40317,26,093,712102
43287,26,093,712601
41673,26,093,712602
27260,26,093,724001
30929,26,093,724002
38259,26,093,724003
36549,26,093,730101
42176,26,093,730102
30839,26,093,733601
35665,26,093,733602
31019,26,093,741601
48678,26,093,741602
29352,26,099,256700
28297,26,099,254100
30901,26,099,261800
13409,26,145,000100
9919,26,145,000900
7838,26,145,010200
28728,26,145,010502
26321,26,145,010800
36975,26,145,011300
26250,26,145,011702
17044,26,145,000800
21194,26,145,011800
28583,26,145,012200
26765,26,145,013000
29263,26,145,002100
41159,26,145,010100
31315,26,145,010302
14970,26,145,000200
23307,26,145,002000
13245,26,145,000700
32445,26,081,011701
36498,26,081,012002
45313,26,081,012203
23886,26,081,012701
23821,26,081,013700
23122,26,081,014000
23906,26,081,014703
39286,26,081,014806
38701,26,125,133003
-666666666,26,121,990000
36326,26,125,121700
28506,26,125,135000
42222,26,125,135100
47825,26,125,135200
50625,26,125,135300
64603,26,125,136101
40420,26,125,136102
40989,26,125,138301
53857,26,125,138302
35999,26,125,140301
41659,26,125,140302
16431,26,125,140900
43843,26,125,143500
23880,26,125,144701
36116,26,125,145501
24778,26,125,145502
28077,26,125,145900
28545,26,065,006002
16745,26,163,530900
20759,26,163,527200
15395,26,163,527300
23602,26,163,533900
14321,26,163,552800
26911,26,077,002905
36588,26,077,002801
18298,26,077,002903
50427,26,077,003004
17128,26,077,000202
24559,26,077,001100
16720,26,077,001506
37386,26,077,001601
13893,26,077,000201
18225,26,077,001000
26168,26,077,001502
9887,26,077,001507
34722,26,077,001604
47868,26,125,157300
36597,26,125,161000
31588,26,125,161300
25640,26,125,162200
52670,26,125,165200
24881,26,125,181600
19896,26,143,971100
18422,26,143,970100
20557,26,143,971000
30474,26,143,970500
22160,26,143,970600
16393,26,143,970200
25072,26,143,970400
21370,26,143,970300
28008,26,099,241500
25900,26,099,241900
27328,26,099,245100
31750,26,099,251000
28299,26,099,251600
37024,26,099,252200
29500,26,099,254200
28050,26,099,256500
29012,26,099,258100
31045,26,099,260600
27595,26,099,261400
11108,26,163,533400
17778,26,163,535400
15536,26,163,552400
17901,26,163,546800
66845,26,163,550900
20525,26,163,551600
18527,26,163,553100
11604,26,163,553300
32998,26,163,554300
16815,26,163,513200
14753,26,163,507500
10091,26,163,508000
16300,26,163,514500
14657,26,163,515200
12348,26,163,516100
13359,26,163,516800
8634,26,163,520200
21952,26,163,520300
11993,26,163,522000
10965,26,163,522300
20476,26,163,523300
30014,26,061,000100
22568,26,061,000200
18207,26,061,000300
22077,26,061,000400
27000,26,061,000500
20337,26,061,000600
24768,26,061,000700
8783,26,061,000800
24244,26,061,000900
25852,26,061,001000
-666666666,26,061,990000
-666666666,26,063,990000
25762,26,065,001703
17751,26,065,002101
27910,26,065,003103
3414,26,065,004490
3948,26,065,004491
3727,26,065,004492
3432,26,065,004494
26554,26,065,005402
28730,26,065,006001
34000,26,099,230602
25938,26,099,247601
32534,26,099,247602
40327,26,099,268200
19071,26,099,268300
32712,26,163,562500
48852,26,163,563500
41658,26,163,563700
30812,26,163,564000
43500,26,163,564300
17414,26,163,566500
32753,26,163,567300
31583,26,163,567400
19932,26,163,570400
18967,26,163,570600
16327,26,163,571000
28324,26,163,572200
21366,26,163,572400
27174,26,099,263400
33077,26,099,216000
24972,26,013,000100
23485,26,013,000200
-666666666,26,013,990100
28886,26,045,020601
44474,26,161,405400
30492,26,161,405500
22219,26,161,405600
24914,26,161,410200
22901,26,161,412100
31979,26,161,412700
30589,26,161,413200
32129,26,161,415200
73672,26,161,415800
15363,26,163,510500
18469,26,163,511200
13083,26,163,512600
12612,26,163,514300
26578,26,163,569300
26813,26,163,569900
25098,26,163,570100
18569,26,163,570800
26426,26,163,571700
26662,26,163,571800
17543,26,163,541500
16031,26,163,541700
19296,26,163,543200
17325,26,163,545300
15547,26,163,545400
16698,26,163,545600
17438,26,163,546700
42323,26,163,550200
31280,26,163,551400
41312,26,163,551800
21130,26,163,552000
15951,26,163,552300
29014,26,163,555100
39970,26,163,557400
42961,26,163,557600
30568,26,163,557900
22446,26,163,572500
34265,26,163,573000
42080,26,163,574600
33611,26,163,575600
30800,26,163,577400
37206,26,125,161700
38403,26,125,162300
36462,26,125,165100
50885,26,125,167000
52595,26,125,167900
42054,26,125,170300
25245,26,125,171000
23451,26,125,171300
40275,26,125,125600
39605,26,125,126300
32377,26,125,128500
33889,26,125,131500
20420,26,041,970800
27983,26,041,970500
30915,26,041,970400
22119,26,041,971100
21532,26,041,970600
31181,26,161,410900
22857,26,161,414000
27485,26,161,414200
40699,26,161,426000
8160,26,161,400500
30015,26,161,400200
43590,26,161,402600
45441,26,161,402700
27209,26,065,004700
50147,26,065,005002
37819,26,065,005202
38626,26,065,005502
18607,26,065,003902
18184,26,065,002000
23568,26,065,002600
38839,26,065,005600
36739,26,065,005900
28699,26,065,006100
19097,26,065,004902
21398,26,065,003200
37995,26,065,003801
39236,26,065,004901
51302,26,065,005001
34209,26,065,005302
44473,26,163,564600
25227,26,163,567000
28950,26,163,569100
22400,26,163,569200
43800,26,163,564800
14338,26,163,518600
29012,26,163,583300
30512,26,163,584100
16815,26,163,584800
25408,26,163,586200
30765,26,163,587900
27177,26,163,595100
30749,26,163,599000
13444,26,163,537700
20882,26,163,538300
36005,26,163,538400
18389,26,163,539200
17406,26,163,540600
20651,26,163,541000
18167,26,163,541300
22889,26,163,588100
18702,26,163,577000
24052,26,163,577900
21796,26,163,578500
17363,26,163,579100
25658,26,163,579200
13929,26,163,579800
33684,26,163,580300
39250,26,163,580400
23736,26,099,262600
21609,26,099,262900
31525,26,099,212000
35383,26,099,221100
34085,26,099,221200
37516,26,099,222800
35540,26,099,224500
47409,26,099,225400
35696,26,099,225500
46317,26,099,226100
24545,26,099,258900
28750,26,099,260800
29871,26,099,261000
32419,26,099,217000
27179,26,067,031200
35391,26,067,031500
13219,26,163,517500
17306,26,163,518500
20504,26,163,523100
13990,26,163,524200
24732,26,163,526400
14368,26,163,530100
9821,26,163,530800
18301,26,163,500400
20297,26,163,504100
17261,26,163,500800
18289,26,163,501900
18663,26,163,502000
14333,26,163,504300
18707,26,163,505000
7441,26,163,506400
26053,26,103,002500
25944,26,103,000400
15293,26,103,000600
31067,26,103,001100
30345,26,103,001300
20932,26,103,001900
24600,26,027,002000
24559,26,027,002100
28833,26,027,002200
22173,26,029,000100
27438,26,029,000200
32740,26,029,000300
30482,26,029,000400
29710,26,067,031300
23021,26,067,030200
62971,26,125,194300
33031,26,125,124000
41637,26,125,128100
39156,26,125,130400
31724,26,125,120000
39591,26,125,120300
28510,26,125,121000
25083,26,125,124500
47292,26,125,127000
32813,26,125,128000
48218,26,125,134400
40992,26,125,134600
38813,26,125,137700
46108,26,125,138100
25566,26,125,141000
35393,26,125,132100
35846,26,125,132500
25748,26,125,133100
35133,26,125,145700
26657,26,125,141100
23392,26,125,141300
15378,26,125,142100
41664,26,125,150100
73188,26,125,150600
71950,26,125,150700
82600,26,125,152700
58056,26,125,154500
47857,26,125,156100
26632,26,005,031200
29606,26,005,031100
30045,26,125,162400
24889,26,125,160400
24091,26,125,161400
32220,26,125,162000
35496,26,125,165000
31829,26,125,166100
35161,26,125,167500
37448,26,125,170100
33888,26,125,173000
34817,26,037,010500
31992,26,037,010701
29743,26,037,010901
31160,26,037,010201
29408,26,029,000500
29614,26,029,000800
32837,26,029,000900
19230,26,163,538500
17806,26,163,539000
19806,26,163,539700
29271,26,163,565300
31626,26,163,581900
23723,26,163,583000
25090,26,163,583900
26654,26,163,500200
21528,26,163,500300
22439,26,163,500500
15923,26,163,501100
16819,26,163,501300
52973,26,163,560100
35286,26,163,562800
39375,26,163,563400
32293,26,163,564200
37404,26,163,564700
37393,26,163,565000
37680,26,163,565700
30422,26,163,565800
23944,26,163,566400
30184,26,163,567800
30030,26,163,569400
17407,26,163,571600
25368,26,043,950100
38042,26,043,950700
29739,26,043,950300
33228,26,043,950200
22579,26,043,950500
21244,26,043,950600
21882,26,043,950400
27873,26,063,950100
26970,26,063,950700
30149,26,063,951100
23487,26,063,951200
26200,26,063,950300
26069,26,063,950200
25980,26,063,950600
27917,26,063,950500
20849,26,163,507300
16738,26,163,507400
11820,26,163,512900
22444,26,163,516700
35984,26,163,517000
35705,26,163,517100
20940,26,163,518000
12434,26,163,518400
31607,26,163,542900
22404,26,163,538900
18323,26,163,542200
22577,26,163,542500
15018,26,163,543500
17167,26,163,543800
19797,26,163,544100
21349,26,163,545200
34148,26,139,022600
30229,26,139,020100
33468,26,139,023100
26703,26,139,020200
17446,26,163,544300
11426,26,163,545500
17279,26,049,001100
16435,26,049,001500
15202,26,049,001700
14142,26,049,001800
23144,26,049,003100
22555,26,049,003300
22775,26,049,010110
21324,26,049,010504
27208,26,049,010912
21294,26,049,011010
40424,26,049,011214
31901,26,049,011610
26051,26,163,554400
36582,26,163,554600
25618,26,163,555300
32898,26,163,556500
38860,26,163,556800
30972,26,163,557100
42250,26,163,558600
37966,26,163,559100
48822,26,163,560400
45455,26,163,562400
52235,26,163,562700
28234,26,049,012702
30315,26,049,012905
36935,26,049,012907
20617,26,049,003500
12702,26,049,000100
36627,26,049,010201
27486,26,049,011502
31144,26,049,012504
15253,26,049,000600
27192,26,049,003000
24245,26,049,010910
21079,26,049,012003
22923,26,049,012602
16044,26,049,001400
24881,26,049,010911
26868,26,049,011712
33800,26,049,013002
24963,26,103,002000
29101,26,103,002200
30388,26,103,001600
27519,26,123,971000
24490,26,123,971200
23764,26,123,970300
27114,26,123,970400
25789,26,123,970600
17426,26,123,970700
22451,26,123,970900
19401,26,123,970500
21807,26,123,970800
23758,26,123,970100
24446,26,123,971100
22454,26,133,970100
19241,26,133,970400
25261,26,133,970200
23595,26,133,970300
23065,26,133,970500
21937,26,133,970600
24238,26,137,950300
28551,26,137,950600
23988,26,137,950100
28429,26,137,950200
35483,26,163,573100
17188,26,163,573300
13960,26,163,573600
12740,26,163,573800
14592,26,163,573900
32089,26,163,574300
53042,26,163,574800
33194,26,163,575300
37175,26,163,576500
41020,26,163,576600
29391,26,163,577200
12307,26,145,000400
12476,26,145,001100
19053,26,145,001500
15886,26,145,001800
17521,26,145,001900
30700,26,115,833600
32452,26,115,833700
33731,26,115,833800
30941,26,115,830500
30683,26,115,831000
18116,26,007,000400
24238,26,007,000100
25984,26,007,000700
25637,26,007,000300
24926,26,007,000200
24846,26,007,000900
17941,26,007,000500
28333,26,007,000800
25019,26,007,000600
26948,26,067,030300
25892,26,067,030400
38609,26,067,031400
26479,26,067,031600
26894,26,067,030100
26129,26,067,031700
12070,26,163,513600
12949,26,163,515300
14490,26,163,516200
41583,26,163,516500
19603,26,163,501500
17800,26,163,501700
16889,26,163,504000
16196,26,163,504800
14114,26,163,505100
15201,26,163,506600
17119,26,163,507100
10833,26,163,531900
17108,26,163,532200
39850,26,163,532300
12433,26,163,533600
19072,26,163,535300
27102,26,163,576000
26589,26,163,576100
23269,26,005,031000
26218,26,005,031800
28885,26,041,970300
58798,26,163,550500
12688,26,163,543900
15564,26,163,546500
64696,26,163,550300
27213,26,163,551300
15974,26,163,552100
35579,26,077,002601
29991,26,077,001503
33443,26,077,002101
31016,26,077,002202
28477,26,077,003400
20480,26,077,000100
16670,26,077,001803
28153,26,077,001501
33145,26,077,002102
24211,26,107,960900
29560,26,107,960300
16025,26,107,960700
16143,26,107,960600
35884,26,093,730600
43254,26,093,743400
23847,26,107,960800
16849,26,107,960500
22396,26,107,960100
29382,26,115,832400
39983,26,115,833200
29622,26,115,833500
30810,26,115,830700
38171,26,115,833900
36250,26,115,833100
35705,26,005,030402
30691,26,005,030702
31763,26,125,190400
38357,26,125,191000
45077,26,125,193700
42488,26,125,194000
41397,26,125,194400
23042,26,033,971100
16315,26,099,268400
-666666666,26,099,982100
21828,26,101,000100
26706,26,101,000200
25843,26,101,000300
28102,26,101,000400
16656,26,101,000500
-666666666,26,099,982000
-666666666,26,099,982200
17000,26,099,982300
-666666666,26,099,990100
24591,26,101,000600
24124,26,101,000700
26706,26,101,000800
23104,26,101,000900
-666666666,26,101,990000
25875,26,103,002800
30958,26,103,002900
-666666666,26,103,990000
34046,26,099,231200
34191,26,099,233000
36819,26,099,240700
26051,26,099,240800
27272,26,099,241800
41305,26,099,243000
36365,26,099,243500
35536,26,099,250500
31650,26,099,215500
44020,26,099,223800
30769,26,099,226700
32955,26,099,230200
30777,26,099,230300
30725,26,099,231100
27557,26,099,232000
40745,26,099,232500
23575,26,099,247500
36010,26,099,250000
36297,26,099,251100
30521,26,099,251200
26976,26,099,255000
26732,26,099,255700
19291,26,099,256600
24495,26,099,258400
22326,26,099,261700
30851,26,099,261900
21319,26,099,262100
32323,26,049,011800
28072,26,049,012006
23750,26,049,012007
29318,26,049,012009
17267,26,049,012202
33864,26,049,013204
50457,26,049,013111
20213,26,049,003700
29250,26,049,010111
32895,26,049,010810
26392,26,049,011211
19413,26,049,000700
17236,26,049,002600
15688,26,049,010305
26224,26,049,010503
39712,26,049,013110
31700,26,049,011505
25631,26,049,012008
18125,26,049,012201
31629,26,049,012802
40080,26,049,013301
40612,26,049,013401
36172,26,049,013202
21151,26,049,000800
14796,26,049,001200
31714,26,005,030401
30008,26,005,030500
25956,26,005,031900
30907,26,005,032000
30697,26,005,032100
30586,26,005,031300
33006,26,005,030300
29346,26,005,030600
38533,26,005,030800
24208,26,163,577600
33071,26,163,577800
20581,26,163,578000
11656,26,163,579500
37983,26,163,558100
25658,26,163,555500
32323,26,163,563300
24261,26,163,568000
37961,26,163,574700
27378,26,163,583700
32480,26,163,599100
30981,26,163,593300
21875,26,163,534600
21035,26,163,537600
28131,26,163,587000
28259,26,163,582000
17200,26,163,536400
17989,26,163,540500
15973,26,163,500700
35313,26,163,576400
26651,26,163,578600
27063,26,163,584400
41047,26,163,592000
20059,26,163,540800
40442,26,163,558000
33371,26,163,561700
18444,26,163,503900
16432,26,163,540400
27446,26,163,568400
20181,26,163,524300
22336,26,163,584200
25567,26,163,503600
18272,26,163,506100
16848,26,163,531400
12387,26,163,536300
13965,26,163,553200
43391,26,163,556600
45858,26,163,560300
25111,26,163,565100
23939,26,131,970200
30858,26,139,021603
32386,26,139,021604
26204,26,139,022900
31465,26,139,023200
31927,26,139,020900
37593,26,139,021700
19952,26,125,141500
46969,26,125,170200
63295,26,125,168400
17100,26,125,172500
24023,26,125,175300
33070,26,125,181100
43872,26,125,183300
42516,26,125,183800
51520,26,125,184100
53393,26,125,184600
54390,26,125,190500
32183,26,125,191100
41507,26,125,192000
44100,26,125,192400
43438,26,125,193100
27850,26,063,950800
21232,26,063,951000
28078,26,063,950900
26350,26,063,950400
14810,26,065,000700
30313,26,065,001000
31549,26,163,580600
28102,26,163,581200
11560,26,163,521800
60139,26,163,520800
27630,26,127,010800
27426,26,127,010900
21633,26,127,011000
-666666666,26,127,990000
17530,26,129,950900
24063,26,135,970201
30798,26,139,020501
31966,26,139,021400
16414,26,163,524800
19703,26,163,526100
23525,26,163,526300
19047,26,163,534300
14680,26,163,535100
17031,26,163,535700
14195,26,163,536100
46051,26,163,538200
20210,26,163,540100
34233,26,163,567900
30394,26,163,569500
28649,26,163,572700
12449,26,163,573500
17639,26,163,574100
36534,26,163,575000
32449,26,163,565600
26016,26,163,566800
21657,26,163,536200
13688,26,163,533500
14099,26,163,535500
22917,26,163,539300
20052,26,163,539500
20286,26,163,540300
15812,26,163,540700
28788,26,163,540900
22135,26,163,542600
19880,26,163,510600
15435,26,163,510700
8963,26,163,512200
15455,26,163,512400
50246,26,163,596200
14948,26,163,539100
20156,26,163,541800
32079,26,023,950900
14357,26,163,545800
17203,26,163,545900
23019,26,163,546200
17433,26,163,546600
60391,26,163,550400
50104,26,163,551700
21948,26,111,290200
21334,26,111,290400
36651,26,111,291102
29216,26,111,291101
30185,26,163,572800
32005,26,163,572900
20231,26,163,574000
39883,26,163,574900
35326,26,163,575500
41016,26,163,576700
23277,26,163,572100
26582,26,163,572600
31836,26,163,575200
36717,26,163,576200
36758,26,163,576300
23629,26,163,577100
12750,26,163,579300
17598,26,163,579600
24969,26,163,580100
35159,26,163,580500
14089,26,163,534500
16952,26,163,534700
21316,26,163,535600
14756,26,163,536700
16168,26,163,536800
18015,26,163,537800
30809,26,093,722300
36627,26,093,722500
38726,26,093,710700
39107,26,093,713300
39803,26,093,733100
42826,26,093,740200
26340,26,035,000600
24583,26,035,000700
27589,26,035,000800
15528,26,035,000900
14640,26,035,001000
15730,26,035,001300
33942,26,037,010104
43175,26,037,010105
17865,26,049,004000
26537,26,009,960200
31021,26,009,960500
36048,26,045,020602
26815,26,045,020901
39318,26,093,743300
43387,26,093,743800
31077,26,093,744900
30997,26,093,732100
26037,26,051,000500
19889,26,051,000600
20169,26,051,000700
21395,26,051,000800
27024,26,051,000900
-666666666,26,053,990000
36871,26,055,550101
35284,26,055,550102
27708,26,055,550200
23729,26,055,550300
29462,26,055,550400
27087,26,055,550500
27299,26,055,550600
28889,26,055,550700
33099,26,055,550800
42033,26,055,550900
30035,26,145,012400
28198,26,145,012600
32949,26,145,013100
25168,26,145,010600
20356,26,145,010700
29653,26,145,011100
34125,26,145,011701
30079,26,145,012300
24682,26,145,012500
26550,26,145,012700
14562,26,145,001300
31364,26,145,011902
29327,26,145,012900
13924,26,145,000600
19643,26,145,001200
13736,26,145,001000
25218,26,145,001400
32057,26,145,010403
37773,26,145,010501
12855,26,145,001700
20039,26,081,001600
37061,26,081,001800
35471,26,081,000400
17372,26,081,000800
21575,26,081,004400
50095,26,081,011902
30713,26,023,951100
27292,26,023,950100
32716,26,023,951000
40112,26,145,010303
24297,26,145,010304
21638,26,145,010401
20513,26,145,011000
30962,26,145,011901
32670,26,145,012002
17723,26,145,011500
25393,26,145,011600
29088,26,145,012001
28711,26,145,012003
41979,26,161,444000
40833,26,161,448000
51932,26,161,461000
37270,26,161,464000
28984,26,161,465000
38561,26,161,466000
39375,26,161,404100
42052,26,161,425000
55229,26,161,402300
20425,26,161,407400
43716,26,161,447000
18447,26,161,411200
34435,26,161,405100
42340,26,161,403300
52005,26,161,407000
22113,26,161,414300
3667,26,161,422900
39279,26,161,421100
21838,26,011,970200
22053,26,011,970500
25708,26,011,970400
22421,26,011,970100
25706,26,011,970300
32023,26,015,011400
26269,26,015,010100
31747,26,015,010800
30576,26,015,010500
28925,26,015,010700
32490,26,015,010200
35071,26,015,010300
29447,26,015,010600
27453,26,015,011300
16315,26,163,539400
30798,26,145,010402
32580,26,145,012100
23355,26,145,001600
7470,26,025,003400
18649,26,025,000300
20257,26,025,000500
20195,26,025,000700
21787,26,025,000800
28714,26,025,001900
36386,26,025,002200
30543,26,025,002300
30983,26,025,002400
17723,26,025,003500
21681,26,025,001300
27177,26,025,002900
20417,26,025,003300
40801,26,025,003800
17296,26,025,000200
17070,26,025,000600
35116,26,025,001600
25473,26,059,051100
33003,26,059,050100
25606,26,059,050300
30505,26,059,050900
25120,26,059,050200
22566,26,121,002100
24658,26,121,002200
38237,26,121,002500
24408,26,121,003100
25198,26,121,003700
16766,26,025,002100
37359,26,025,001700
24239,26,025,002800
26230,26,025,002500
20250,26,025,002600
30644,26,025,002700
35096,26,025,003900
26867,26,025,000900
15496,26,025,001000
22531,26,025,001200
23531,26,025,001400
34792,26,025,001500
31048,26,025,001800
29452,26,025,002000
25565,26,025,003200
16699,26,025,003600
23684,26,065,006500
42081,26,065,005800
16399,26,065,000600
18022,26,065,001200
29717,26,065,002200
23463,26,065,003601
20910,26,065,003802
-666666666,26,003,990000
47279,26,005,030200
25833,26,005,030703
31343,26,005,030704
27178,26,005,030901
32382,26,005,030902
25570,26,005,032200
28997,26,005,032401
30688,26,075,006701
19432,26,163,523400
15357,26,163,524500
16202,26,163,504200
27900,26,163,501400
54149,26,093,742900
29125,26,093,743700
39479,26,093,744600
34269,26,093,711000
32599,26,093,713500
47991,26,093,740500
50208,26,093,740600
40566,26,093,740900
39913,26,093,744200
47000,26,093,744800
43900,26,093,710500
36088,26,093,720100
35227,26,093,744700
40032,26,093,743900
40993,26,093,710100
39219,26,093,710300
35365,26,093,721100
43932,26,093,740800
40173,26,093,742500
40117,26,093,743500
47188,26,093,743600
30530,26,093,744400
36845,26,093,722100
30038,26,093,725000
24129,26,093,725100
40238,26,093,731100
46250,26,093,740300
40538,26,093,742700
41151,26,093,713100
40417,26,093,713700
25313,26,149,040700
27700,26,149,041600
27939,26,149,040900
21914,26,149,040200
28895,26,149,041500
22027,26,149,040300
19922,26,149,040600
23710,26,149,040400
17679,26,163,540200
12102,26,163,541100
20531,26,041,970900
18734,26,053,950100
22086,26,053,950600
25021,26,053,950400
21169,26,053,950300
23134,26,053,950200
27711,26,053,950700
17754,26,053,950500
25694,26,047,970200
24017,26,047,970100
27946,26,047,970800
32580,26,047,970600
27307,26,047,970700
31265,26,047,970400
30321,26,047,970300
26201,26,047,970500
21090,26,163,577300
31330,26,163,580900
35625,26,163,581100
30472,26,163,583400
26655,26,163,584000
24179,26,163,585600
22609,26,163,585900
33062,26,163,589300
32321,26,163,593000
25551,26,163,595000
19075,26,163,568500
30645,26,163,569600
21299,26,163,570200
28929,26,163,571900
23429,26,163,517200
39157,26,163,520700
9970,26,075,001100
33575,26,075,006301
24214,26,075,000900
24898,26,075,005400
30566,26,075,005700
31300,26,075,006702
17201,26,075,001300
29957,26,075,005301
31806,26,075,005302
22394,26,075,005000
30423,26,075,005600
6356,26,075,005800
30438,26,005,032402
29818,26,005,032600
-666666666,26,005,990000
-666666666,26,009,990000
-666666666,26,007,990000
-666666666,26,011,990000
-666666666,26,011,990100
27608,26,015,010401
35543,26,015,010402
27281,26,017,285201
20974,26,017,285202
15647,26,017,286500
21539,26,017,286600
-666666666,26,017,990000
30084,26,019,000100
25180,26,019,000200
29890,26,019,000300
24059,26,019,000400
23538,26,019,000500
-666666666,26,019,990000
-666666666,26,021,990000
16981,26,025,004100
21825,26,023,951300
25460,26,027,001600
27054,26,027,001700
32090,26,027,001800
26590,26,027,001900
25308,26,023,951400
27917,26,023,951500
23440,26,023,951600
27763,26,163,577700
26059,26,163,580200
24458,26,163,583100
27077,26,141,950100
19184,26,141,950200
20281,26,141,950400
32176,26,141,950600
22432,26,141,950300
26422,26,141,950500
25714,26,077,001300
28596,26,077,001701
28996,26,077,001801
36949,26,077,002904
12539,26,077,000500
17598,26,077,000900
30847,26,077,001906
39607,26,077,003002
4249,26,077,001504
32182,26,077,001802
36046,26,125,160600
43294,26,125,161200
30180,26,125,171400
26842,26,125,171500
43550,26,125,173300
39513,26,125,180200
53359,26,125,150300
64583,26,125,150400
62585,26,125,150800
80113,26,125,152600
76020,26,125,153200
38200,26,125,154100
49694,26,125,154600
56726,26,125,156300
27050,26,125,140100
41732,26,125,136500
65890,26,125,137400
23994,26,109,960200
26689,26,109,960600
25795,26,109,960500
19769,26,109,960700
24306,26,109,960300
23197,26,109,960100
34456,26,109,960400
21393,26,113,960100
24566,26,113,960400
22937,26,113,960200
25969,26,113,960300
16858,26,121,001300
22739,26,121,003200
33285,26,121,003400
30546,26,121,003500
29311,26,121,003600
14621,26,121,000500
19097,26,121,000601
34298,26,121,001500
30914,26,121,003800
27255,26,121,004000
31555,26,121,001000
-666666666,26,109,990000
-666666666,26,115,990000
18969,26,117,971000
27669,26,117,971100
24834,26,023,951200
23300,26,023,950200
28109,26,023,950800
28457,26,023,950300
22929,26,075,000100
35679,26,075,000800
19448,26,075,001200
11711,26,075,000600
13570,26,075,001000
25141,26,155,031900
20039,26,017,280600
21636,26,017,281300
30923,26,017,285700
26563,26,017,286400
17664,26,017,280300
34529,26,017,285400
25151,26,017,286300
25263,26,017,280800
32560,26,017,286000
27363,26,017,286200
16648,26,017,280700
24263,26,017,285800
27500,26,017,285900
27734,26,017,285100
31232,26,017,285300
33564,26,017,285500
20136,26,017,280400
32907,26,017,285600
20120,26,017,280900
28688,26,017,286100
36412,26,017,280500
23375,26,017,281000
46922,26,045,020101
44298,26,045,020302
36022,26,045,020402
35674,26,045,020201
30000,26,045,020700
28935,26,045,020800
25211,26,045,021100
31973,26,045,020103
26942,26,045,020104
29084,26,045,020102
25099,26,045,020202
38233,26,045,020500
28140,26,041,970200
30421,26,041,970700
16230,26,163,541200
25719,26,149,040800
26575,26,149,041200
31375,26,125,181400
41551,26,125,183100
41969,26,125,183200
37966,26,125,183500
43955,26,125,183600
48649,26,125,183700
46723,26,125,183900
66599,26,125,190700
69044,26,125,191300
40811,26,125,193300
43089,26,125,196100
42470,26,125,196200
63714,26,125,196800
53311,26,125,197900
16134,26,125,141600
13863,26,125,142300
22333,26,125,142500
21108,26,125,142700
34461,26,125,144600
31816,26,125,145600
22145,26,117,971200
25190,26,117,971300
23257,26,119,910100
23841,26,119,910200
19375,26,119,910300
22803,26,119,910400
21950,26,119,910500
22621,26,121,000401
30881,26,075,006402
33403,26,075,006500
27542,26,075,006600
34023,26,075,006801
27487,26,075,006401
30712,26,075,006000
25213,26,075,000400
31050,26,075,006200
33686,26,163,543100
15235,26,163,543700
16682,26,163,546100
59318,26,163,550100
61000,26,163,550800
49880,26,163,551100
21132,26,163,554500
31302,26,163,555600
36615,26,163,559000
30773,26,163,562900
48050,26,163,563600
27838,26,163,564100
26707,26,163,569800
33033,26,163,565900
22289,26,163,568300
28002,26,163,568700
20790,26,163,570500
27986,26,163,572000
14980,26,163,573400
24611,26,163,577500
26563,26,163,583500
20952,26,163,585500
29357,26,163,585800
32091,26,163,588000
42441,26,163,590600
36838,26,139,020503
27444,26,139,020504
-666666666,26,131,990100
24632,26,135,970202
30186,26,139,021201
32428,26,139,021202
30996,26,139,021301
32741,26,139,021303
38149,26,139,021304
40574,26,139,021605
30302,26,139,021606
30055,26,139,021801
31385,26,139,021802
33997,26,139,021901
32630,26,139,021902
28399,26,139,022001
32625,26,139,022002
44535,26,139,022103
32133,26,139,022105
25272,26,075,005100
27050,26,075,006100
14028,26,163,533000
37692,26,163,593200
40745,26,163,598000
16886,26,163,542400
21050,26,163,543400
13493,26,163,543600
24722,26,163,545100
26713,26,163,500100
14170,26,163,500900
20430,26,163,501000
26740,26,163,501800
19704,26,163,503500
17224,26,163,504700
16538,26,163,506500
12969,26,163,507800
9621,26,049,003400
29485,26,049,010112
23359,26,049,010113
20370,26,049,010115
33000,26,049,010202
32291,26,049,010700
22555,26,049,010811
17480,26,049,010812
31066,26,049,011901
16708,26,049,011301
19272,26,049,011302
20187,26,041,971000
24527,26,041,970100
26667,26,163,546300
32444,26,163,551500
15513,26,075,000200
36215,26,075,005200
15129,26,075,005900
20621,26,075,005500
24184,26,075,000500
24309,26,097,950300
25000,26,097,950500
25142,26,097,950200
25234,26,097,950400
28699,26,097,950100
32267,26,115,832600
36853,26,115,830100
35922,26,115,830200
33954,26,115,830400
25934,26,115,831500
14136,26,115,831800
30852,26,115,831300
26692,26,115,831400
36509,26,115,832800
31468,26,115,831100
23538,26,115,831200
24952,26,115,832300
30306,26,115,833000
31426,26,115,830600
32661,26,115,830800
19438,26,115,831900
24966,26,115,832200
30992,26,115,832500
30506,26,115,832700
31152,26,115,832900
39375,26,115,833300
29750,26,115,830900
33856,26,115,831600
29769,26,115,831700
28693,26,115,832000
24881,26,163,583600
32180,26,163,583800
31316,26,163,586300
41675,26,163,590400
25975,26,163,590500
28583,26,163,591800
11708,26,163,513900
18409,26,163,506200
17445,26,163,506900
17107,26,163,510400
12359,26,163,514100
21019,26,163,515600
9460,26,163,516300
17411,26,163,521100
15676,26,163,521300
13679,26,163,522200
14594,26,163,530200
18973,26,163,531300
11952,26,163,531800
27230,26,163,554100
26972,26,163,556100
35547,26,163,556900
41083,26,163,558800
40509,26,163,562300
25783,26,163,567100
34315,26,163,563200
38594,26,163,563900
36434,26,163,566600
31356,26,163,568200
26761,26,163,569700
33050,26,163,575100
32431,26,163,580800
30543,26,163,581600
19811,26,163,583200
14510,26,163,546000
12098,26,163,546400
14149,26,163,501200
19255,26,163,503100
18881,26,163,503200
17467,26,163,503400
21796,26,163,505200
19731,26,163,506800
43527,26,163,557300
33269,26,163,557000
37649,26,163,558400
38800,26,163,558900
35224,26,163,559200
37743,26,163,561600
36567,26,163,563800
42525,26,163,591700
35868,26,163,594300
31133,26,163,594400
10009,26,049,002800
13177,26,049,003800
30520,26,049,010604
28763,26,049,001300
18384,26,049,002400
13220,26,049,002900
20747,26,049,003200
17311,26,049,003600
36891,26,139,022106
29604,26,139,022107
44054,26,139,022108
27883,26,139,022203
31508,26,139,022206
