,total_pop,state,county,tract,tract_id
0,2065,26,137,950400,26137950400
1,3549,26,137,950500,26137950500
2,3849,26,125,150900,26125150900
3,4433,26,125,159000,26125159000
4,4377,26,059,050400,26059050400
5,2287,26,059,050800,26059050800
6,4551,26,059,050500,26059050500
7,4145,26,059,051000,26059051000
8,3539,26,059,050600,26059050600
9,4860,26,059,050700,26059050700
10,3373,26,059,051200,26059051200
11,3933,26,099,222500,26099222500
12,10525,26,099,223400,26099223400
13,4818,26,099,241000,26099241000
14,5234,26,099,232200,26099232200
15,4480,26,099,232300,26099232300
16,4131,26,099,240300,26099240300
17,2775,26,161,404300,26161404300
18,4246,26,161,404500,26161404500
19,2529,26,161,410500,26161410500
20,1233,26,161,410700,26161410700
21,2939,26,161,411100,26161411100
22,2192,26,161,411700,26161411700
23,3096,26,161,412300,26161412300
24,3869,26,161,413000,26161413000
25,3401,26,161,416000,26161416000
26,4900,26,161,416200,26161416200
27,1362,26,161,421900,26161421900
28,5181,26,161,454000,26161454000
29,2261,26,161,402500,26161402500
30,1544,26,161,403100,26161403100
31,5603,26,161,403600,26161403600
32,4885,26,161,404600,26161404600
33,4388,26,161,410300,26161410300
34,1721,26,161,410800,26161410800
35,3417,26,161,414900,26161414900
36,3984,26,025,004000,26025004000
37,2140,26,025,003000,26025003000
38,5621,26,081,013100,26081013100
39,4960,26,081,002200,26081002200
40,7208,26,081,010903,26081010903
41,7485,26,081,011500,26081011500
42,8537,26,081,014601,26081014601
43,1358,26,081,002900,26081002900
44,3013,26,099,250700,26099250700
45,2660,26,099,250900,26099250900
46,2706,26,009,960300,26009960300
47,3088,26,009,960400,26009960400
48,3196,26,009,960600,26009960600
49,2633,26,009,960100,26009960100
50,4901,26,009,960700,26009960700
51,0,26,061,990100,26061990100
52,2938,26,163,541400,26163541400
53,906,26,163,542700,26163542700
54,2621,26,163,542800,26163542800
55,1801,26,163,543000,26163543000
56,2130,26,163,544200,26163544200
57,3214,26,163,545700,26163545700
58,1163,26,163,546900,26163546900
59,2375,26,163,550600,26163550600
60,5298,26,163,550700,26163550700
61,3991,26,163,551200,26163551200
62,2465,26,163,553400,26163553400
63,1536,26,163,553800,26163553800
64,2970,26,163,554700,26163554700
65,3385,26,163,554800,26163554800
66,2564,26,163,555400,26163555400
67,3116,26,163,556300,26163556300
68,2007,26,163,557200,26163557200
69,3954,26,163,557500,26163557500
70,3844,26,163,582100,26163582100
71,3596,26,163,580700,26163580700
72,2323,26,163,581500,26163581500
73,2744,26,163,581800,26163581800
74,1827,26,163,584300,26163584300
75,3148,26,163,588200,26163588200
76,5162,26,163,588300,26163588300
77,5193,26,163,588400,26163588400
78,3350,26,163,594500,26163594500
79,3505,26,163,596100,26163596100
80,2653,26,163,596300,26163596300
81,2601,26,163,536500,26163536500
82,3804,26,163,537000,26163537000
83,6165,26,139,023001,26139023001
84,7228,26,139,023002,26139023002
85,4744,26,139,023500,26139023500
86,2382,26,139,023600,26139023600
87,10270,26,139,024400,26139024400
88,5722,26,139,024600,26139024600
89,7326,26,139,024900,26139024900
90,5328,26,139,024300,26139024300
91,10202,26,139,024500,26139024500
92,7496,26,139,025100,26139025100
93,5847,26,139,025200,26139025200
94,3947,26,139,025500,26139025500
95,5478,26,139,025700,26139025700
96,5749,26,139,025800,26139025800
97,0,26,139,990000,26139990000
98,0,26,141,990000,26141990000
99,0,26,147,990000,26147990000
100,4320,26,149,041101,26149041101
101,2966,26,149,041102,26149041102
102,0,26,151,990000,26151990000
103,3171,26,153,000300,26153000300
104,4171,26,155,031301,26155031301
105,4143,26,155,031302,26155031302
106,4085,26,157,000100,26157000100
107,3203,26,157,000200,26157000200
108,3322,26,157,000300,26157000300
109,3318,26,157,000400,26157000400
110,4885,26,157,000500,26157000500
111,2968,26,143,971200,26143971200
112,2420,26,153,000100,26153000100
113,2478,26,153,000200,26153000200
114,0,26,153,990000,26153990000
115,4419,26,157,000600,26157000600
116,3362,26,157,000700,26157000700
117,3737,26,157,000800,26157000800
118,5151,26,157,000900,26157000900
119,5238,26,157,001000,26157001000
120,2538,26,049,011711,26049011711
121,3291,26,049,012601,26049012601
122,2690,26,049,012603,26049012603
123,3757,26,049,010502,26049010502
124,5597,26,049,011102,26049011102
125,6328,26,049,011209,26049011209
126,2801,26,049,011508,26049011508
127,3000,26,099,260100,26099260100
128,2782,26,093,740700,26093740700
129,2311,26,093,741100,26093741100
130,978,26,125,194500,26125194500
131,4871,26,125,197000,26125197000
132,3873,26,125,198000,26125198000
133,2923,26,125,132700,26125132700
134,3310,26,125,137800,26125137800
135,3227,26,125,123100,26125123100
136,4529,26,125,127300,26125127300
137,7001,26,125,127500,26125127500
138,1369,26,125,128800,26125128800
139,5069,26,125,131300,26125131300
140,4281,26,125,132600,26125132600
141,5045,26,125,134000,26125134000
142,5160,26,125,136300,26125136300
143,5471,26,125,136700,26125136700
144,10595,26,125,137100,26125137100
145,6346,26,125,139200,26125139200
146,2239,26,125,140500,26125140500
147,5034,26,125,140800,26125140800
148,3275,26,125,141200,26125141200
149,4626,26,125,141400,26125141400
150,2410,26,125,150200,26125150200
151,3196,26,125,154200,26125154200
152,3666,26,125,157200,26125157200
153,2523,26,125,157400,26125157400
154,2476,26,125,157700,26125157700
155,2864,26,125,166200,26125166200
156,1655,26,125,160700,26125160700
157,3293,26,125,161100,26125161100
158,2293,26,125,161900,26125161900
159,2337,26,125,166700,26125166700
160,6001,26,125,168600,26125168600
161,2500,26,125,170000,26125170000
162,3549,26,049,010304,26049010304
163,2572,26,049,010501,26049010501
164,4732,26,049,010813,26049010813
165,8595,26,049,011101,26049011101
166,2933,26,049,011601,26049011601
167,2413,26,049,011710,26049011710
168,1606,26,049,012311,26049012311
169,2031,26,049,012501,26049012501
170,6272,26,049,012904,26049012904
171,2602,26,049,013001,26049013001
172,4535,26,049,013112,26049013112
173,5290,26,049,010610,26049010610
174,1728,26,049,011210,26049011210
175,3359,26,049,011401,26049011401
176,2887,26,049,012310,26049012310
177,4336,26,049,012704,26049012704
178,4647,26,049,012801,26049012801
179,3882,26,049,013113,26049013113
180,1941,26,049,013402,26049013402
181,2327,26,049,000300,26049000300
182,1369,26,049,000400,26049000400
183,1848,26,049,000500,26049000500
184,1996,26,049,001000,26049001000
185,4656,26,049,001600,26049001600
186,2828,26,049,001900,26049001900
187,925,26,049,002000,26049002000
188,1942,26,049,002200,26049002200
189,1748,26,049,002300,26049002300
190,3695,26,049,002700,26049002700
191,3635,26,125,128600,26125128600
192,2082,26,125,122900,26125122900
193,1697,26,125,127200,26125127200
194,1684,26,125,127400,26125127400
195,3188,26,125,130000,26125130000
196,2330,26,125,130100,26125130100
197,5868,26,125,130200,26125130200
198,2989,26,125,130600,26125130600
199,2291,26,125,131100,26125131100
200,2046,26,125,131400,26125131400
201,3636,26,125,131800,26125131800
202,5249,26,125,134300,26125134300
203,2637,26,125,136000,26125136000
204,5502,26,125,139400,26125139400
205,2046,26,125,141700,26125141700
206,4196,26,125,144100,26125144100
207,2962,26,049,012703,26049012703
208,2700,26,049,012906,26049012906
209,5339,26,049,010603,26049010603
210,6039,26,049,011212,26049011212
211,5336,26,049,011213,26049011213
212,3921,26,049,011402,26049011402
213,3541,26,049,011713,26049011713
214,3064,26,049,011714,26049011714
215,4626,26,099,263700,26099263700
216,4347,26,099,215300,26099215300
217,1629,26,099,223500,26099223500
218,6435,26,099,224600,26099224600
219,4251,26,099,227300,26099227300
220,2893,26,099,268100,26099268100
221,2756,26,099,263800,26099263800
222,3727,26,099,263900,26099263900
223,4208,26,099,264200,26099264200
224,2290,26,099,260200,26099260200
225,3133,26,099,260300,26099260300
226,4663,26,099,261100,26099261100
227,5237,26,099,262700,26099262700
228,4246,26,099,263500,26099263500
229,4861,26,099,230800,26099230800
230,5163,26,099,231600,26099231600
231,6089,26,099,231900,26099231900
232,6680,26,099,232100,26099232100
233,5862,26,099,232400,26099232400
234,4101,26,099,240000,26099240000
235,5571,26,099,240400,26099240400
236,1775,26,099,240900,26099240900
237,2465,26,099,241600,26099241600
238,4418,26,099,245300,26099245300
239,1401,26,099,245400,26099245400
240,1034,26,099,247100,26099247100
241,2544,26,099,247400,26099247400
242,2805,26,099,250600,26099250600
243,2613,26,099,252000,26099252000
244,1706,26,099,254000,26099254000
245,5797,26,099,215000,26099215000
246,4071,26,025,001100,26025001100
247,2985,26,025,003100,26025003100
248,3777,26,031,960400,26031960400
249,3527,26,031,960800,26031960800
250,3661,26,125,144300,26125144300
251,2688,26,125,144800,26125144800
252,2300,26,125,145100,26125145100
253,3568,26,125,145200,26125145200
254,4311,26,125,145400,26125145400
255,2137,26,125,153000,26125153000
256,2334,26,125,157000,26125157000
257,2379,26,125,181500,26125181500
258,4328,26,125,144200,26125144200
259,2929,26,125,144500,26125144500
260,4753,26,125,150000,26125150000
261,3139,26,081,014704,26081014704
262,3220,26,081,014803,26081014803
263,8015,26,081,014804,26081014804
264,6846,26,081,011901,26081011901
265,7162,26,081,012003,26081012003
266,3483,26,081,013000,26081013000
267,5114,26,081,013500,26081013500
268,5230,26,081,000300,26081000300
269,3077,26,081,001300,26081001300
270,3905,26,081,004300,26081004300
271,1825,26,081,003000,26081003000
272,4842,26,081,003200,26081003200
273,6033,26,081,010302,26081010302
274,3899,26,081,010902,26081010902
275,4272,26,081,011002,26081011002
276,5296,26,081,011804,26081011804
277,5335,26,089,970200,26089970200
278,2585,26,089,970300,26089970300
279,5219,26,089,970600,26089970600
280,3777,26,087,330000,26087330000
281,3109,26,087,333000,26087333000
282,3013,26,087,330500,26087330500
283,2796,26,087,340500,26087340500
284,2626,26,087,334000,26087334000
285,4501,26,087,342000,26087342000
286,5470,26,087,333500,26087333500
287,4155,26,087,337500,26087337500
288,5099,26,087,338000,26087338000
289,3581,26,087,339500,26087339500
290,1222,26,087,336500,26087336500
291,3123,26,087,337000,26087337000
292,4531,26,157,001200,26157001200
293,4727,26,157,001300,26157001300
294,0,26,157,990000,26157990000
295,2100,26,163,591600,26163591600
296,4389,26,163,594100,26163594100
297,2771,26,163,595200,26163595200
298,3286,26,163,503300,26163503300
299,2560,26,163,500600,26163500600
300,3456,26,163,504900,26163504900
301,1171,26,163,507900,26163507900
302,2453,26,163,513300,26163513300
303,2569,26,163,516600,26163516600
304,650,26,163,518800,26163518800
305,2298,26,163,520400,26163520400
306,1549,26,163,521500,26163521500
307,4096,26,077,001907,26077001907
308,4134,26,077,002005,26077002005
309,8122,26,077,002700,26077002700
310,6249,26,077,002802,26077002802
311,2319,26,077,002201,26077002201
312,4203,26,077,000300,26077000300
313,5227,26,077,000600,26077000600
314,1674,26,077,001603,26077001603
315,3748,26,077,001702,26077001702
316,6041,26,077,002003,26077002003
317,4134,26,077,002004,26077002004
318,2759,26,077,001200,26077001200
319,6077,26,077,001905,26077001905
320,3830,26,077,002002,26077002002
321,3913,26,077,002901,26077002901
322,8850,26,077,003003,26077003003
323,6384,26,077,003302,26077003302
324,2661,26,125,138600,26125138600
325,2675,26,125,140700,26125140700
326,2555,26,125,142200,26125142200
327,3687,26,125,142600,26125142600
328,5041,26,125,144400,26125144400
329,3723,26,125,153300,26125153300
330,1798,26,125,154000,26125154000
331,3245,26,125,156900,26125156900
332,2002,26,125,157100,26125157100
333,3995,26,125,160500,26125160500
334,7864,26,081,014502,26081014502
335,7400,26,081,014805,26081014805
336,3272,26,157,001100,26157001100
337,6874,26,149,041300,26149041300
338,3624,26,149,040100,26149040100
339,2577,26,149,040500,26149040500
340,4981,26,149,041400,26149041400
341,3365,26,149,041000,26149041000
342,2458,26,147,631600,26147631600
343,4318,26,147,644000,26147644000
344,1954,26,147,651100,26147651100
345,3685,26,147,637200,26147637200
346,1928,26,147,657100,26147657100
347,2460,26,147,627000,26147627000
348,5716,26,147,635000,26147635000
349,2023,26,147,640100,26147640100
350,2345,26,147,640600,26147640600
351,3463,26,147,641000,26147641000
352,3824,26,073,940400,26073940400
353,2665,26,073,940500,26073940500
354,5249,26,073,940600,26073940600
355,4584,26,075,006303,26075006303
356,2789,26,075,006304,26075006304
357,2882,26,075,006803,26075006803
358,5707,26,075,006804,26075006804
359,2841,26,075,006900,26075006900
360,4551,26,077,003500,26077003500
361,4180,26,077,005501,26077005501
362,5508,26,077,005502,26077005502
363,3567,26,077,006102,26077006102
364,4459,26,077,006601,26077006601
365,2714,26,077,006701,26077006701
366,6342,26,077,006702,26077006702
367,3087,26,081,011405,26081011405
368,5623,26,081,011406,26081011406
369,5793,26,081,012607,26081012607
370,3670,26,081,012608,26081012608
371,2127,26,083,000100,26083000100
372,3,26,083,980100,26083980100
373,0,26,083,990100,26083990100
374,3277,26,125,157800,26125157800
375,2786,26,125,157900,26125157900
376,3421,26,065,002901,26065002901
377,2339,26,065,003302,26065003302
378,3519,26,065,005100,26065005100
379,3830,26,065,004000,26065004000
380,3376,26,065,005304,26065005304
381,5522,26,091,060600,26091060600
382,3376,26,091,060500,26091060500
383,2974,26,091,061302,26091061302
384,3666,26,091,061600,26091061600
385,3891,26,091,061800,26091061800
386,3346,26,091,060800,26091060800
387,1820,26,091,061200,26091061200
388,3804,26,091,060100,26091060100
389,4083,26,091,061301,26091061301
390,4594,26,091,061900,26091061900
391,3972,26,037,010107,26037010107
392,4129,26,037,010108,26037010108
393,4050,26,037,010801,26037010801
394,3853,26,037,010802,26037010802
395,6336,26,037,011104,26037011104
396,2253,26,037,011200,26037011200
397,3419,26,045,020303,26045020303
398,4943,26,045,020304,26045020304
399,2712,26,045,020403,26045020403
400,3046,26,163,568800,26163568800
401,2956,26,163,568900,26163568900
402,2006,26,163,573701,26163573701
403,6209,26,163,573702,26163573702
404,2804,26,163,574202,26163574202
405,4679,26,163,579900,26163579900
406,3218,26,163,591501,26163591501
407,5087,26,161,455000,26161455000
408,3244,26,161,400800,26161400800
409,5285,26,161,402200,26161402200
410,2377,26,161,400100,26161400100
411,3330,26,161,400400,26161400400
412,2846,26,161,400700,26161400700
413,2938,26,161,402100,26161402100
414,2947,26,161,403500,26161403500
415,5295,26,161,405300,26161405300
416,5413,26,125,175100,26125175100
417,3973,26,125,181000,26125181000
418,3543,26,125,183000,26125183000
419,4165,26,125,184200,26125184200
420,2871,26,125,184400,26125184400
421,2242,26,125,184500,26125184500
422,2389,26,125,187000,26125187000
423,3957,26,125,188000,26125188000
424,4024,26,125,196400,26125196400
425,6065,26,125,192200,26125192200
426,3198,26,125,192500,26125192500
427,3201,26,125,192700,26125192700
428,3689,26,125,197200,26125197200
429,1886,26,125,197400,26125197400
430,3958,26,125,197500,26125197500
431,2256,26,021,001600,26021001600
432,2331,26,021,010500,26021010500
433,2761,26,021,011000,26021011000
434,5497,26,021,011100,26021011100
435,1460,26,021,011500,26021011500
436,2097,26,099,262800,26099262800
437,5410,26,099,268000,26099268000
438,3916,26,099,206700,26099206700
439,2621,26,099,214000,26099214000
440,2511,26,099,255400,26099255400
441,2699,26,099,258700,26099258700
442,3237,26,099,260000,26099260000
443,3158,26,099,261500,26099261500
444,1432,26,099,267600,26099267600
445,5949,26,099,231400,26099231400
446,13510,26,099,224000,26099224000
447,8605,26,099,224200,26099224200
448,3382,26,099,228000,26099228000
449,4307,26,099,231800,26099231800
450,2666,26,099,240500,26099240500
451,6298,26,099,242500,26099242500
452,2150,26,099,250100,26099250100
453,2822,26,099,251700,26099251700
454,1772,26,099,255500,26099255500
455,2602,26,099,258000,26099258000
456,7604,26,099,215200,26099215200
457,2708,26,165,380300,26165380300
458,6627,26,165,380500,26165380500
459,3235,26,165,380600,26165380600
460,3138,26,165,380700,26165380700
461,3120,26,165,380800,26165380800
462,1701,26,001,000100,26001000100
463,1989,26,001,970500,26001970500
464,2403,26,001,970100,26001970100
465,2824,26,001,970400,26001970400
466,1447,26,001,970600,26001970600
467,0,26,001,990000,26001990000
468,3511,26,003,000100,26003000100
469,2818,26,003,000200,26003000200
470,2865,26,003,000300,26003000300
471,3012,26,161,403200,26161403200
472,4884,26,161,405200,26161405200
473,3432,26,161,406000,26161406000
474,3034,26,161,407600,26161407600
475,2420,26,161,410600,26161410600
476,2928,26,161,411000,26161411000
477,1758,26,161,414700,26161414700
478,1957,26,161,415400,26161415400
479,2358,26,161,415600,26161415600
480,3529,26,161,420000,26161420000
481,2577,26,161,423600,26161423600
482,3200,26,125,142400,26125142400
483,4489,26,125,145300,26125145300
484,5050,26,125,151000,26125151000
485,4142,26,125,152900,26125152900
486,3530,26,125,156400,26125156400
487,4150,26,125,160000,26125160000
488,3770,26,125,160800,26125160800
489,4523,26,125,160900,26125160900
490,4403,26,121,000402,26121000402
491,3545,26,121,004200,26121004200
492,1888,26,121,004300,26121004300
493,4977,26,125,121800,26125121800
494,2867,26,125,133001,26125133001
495,3356,26,125,133002,26125133002
496,2180,26,125,196600,26125196600
497,3502,26,125,196900,26125196900
498,2829,26,125,198100,26125198100
499,1963,26,125,197600,26125197600
500,4959,26,125,157600,26125157600
501,3167,26,125,166400,26125166400
502,2336,26,125,192800,26125192800
503,3069,26,125,162100,26125162100
504,3430,26,125,171100,26125171100
505,2383,26,125,188100,26125188100
506,3689,26,125,144900,26125144900
507,2790,26,125,150500,26125150500
508,3934,26,147,637100,26147637100
509,2425,26,147,640200,26147640200
510,3729,26,147,643000,26147643000
511,2510,26,147,652100,26147652100
512,4991,26,147,655100,26147655100
513,5846,26,147,630400,26147630400
514,1777,26,147,631100,26147631100
515,4040,26,147,649000,26147649000
516,2094,26,147,651200,26147651200
517,1105,26,147,650200,26147650200
518,6077,26,159,010200,26159010200
519,2251,26,159,010300,26159010300
520,7540,26,159,010900,26159010900
521,6686,26,159,011002,26159011002
522,3368,26,159,010500,26159010500
523,6748,26,159,010100,26159010100
524,3456,26,159,011500,26159011500
525,2848,26,159,010600,26159010600
526,4333,26,159,011300,26159011300
527,4709,26,159,011400,26159011400
528,6048,26,159,011600,26159011600
529,2668,26,159,010400,26159010400
530,3173,26,161,403400,26161403400
531,3058,26,161,403800,26161403800
532,3686,26,163,552200,26163552200
533,2424,26,163,594200,26163594200
534,5432,26,163,589400,26163589400
535,5650,26,163,591900,26163591900
536,2491,26,163,594000,26163594000
537,2129,26,163,537300,26163537300
538,2736,26,163,537500,26163537500
539,5611,26,163,538600,26163538600
540,4475,26,163,538700,26163538700
541,1589,26,163,538800,26163538800
542,3548,26,087,342100,26087342100
543,0,26,089,990000,26089990000
544,4789,26,091,060301,26091060301
545,1827,26,145,011200,26145011200
546,3077,26,155,030700,26155030700
547,3246,26,155,030800,26155030800
548,6396,26,155,031500,26155031500
549,5922,26,155,030100,26155030100
550,4116,26,155,031800,26155031800
551,2931,26,155,030400,26155030400
552,4114,26,155,031700,26155031700
553,1670,26,155,030600,26155030600
554,3718,26,155,031402,26155031402
555,4848,26,155,030300,26155030300
556,3453,26,155,030200,26155030200
557,5831,26,155,031401,26155031401
558,3814,26,155,031600,26155031600
559,3336,26,155,030500,26155030500
560,4146,26,045,020902,26045020902
561,4897,26,045,021001,26045021001
562,3998,26,045,021002,26045021002
563,2944,26,045,021201,26045021201
564,3562,26,045,021202,26045021202
565,2920,26,045,021301,26045021301
566,3332,26,045,021302,26045021302
567,3513,26,045,021401,26045021401
568,4438,26,045,021402,26045021402
569,0,26,049,980100,26049980100
570,2856,26,051,000100,26051000100
571,1387,26,051,000200,26051000200
572,1905,26,051,000300,26051000300
573,0,26,047,990000,26047990000
574,5522,26,049,013500,26049013500
575,1732,26,049,013600,26049013600
576,14,26,049,980000,26049980000
577,3002,26,051,000400,26051000400
578,2764,26,033,971000,26033971000
579,2425,26,033,970400,26033970400
580,1099,26,033,970700,26033970700
581,3242,26,033,970100,26033970100
582,4200,26,033,970300,26033970300
583,4625,26,049,011503,26049011503
584,2432,26,049,012100,26049012100
585,2689,26,049,012503,26049012503
586,1442,26,049,000200,26049000200
587,2635,26,049,000900,26049000900
588,2530,26,049,010114,26049010114
589,2935,26,049,011902,26049011902
590,1851,26,049,012401,26049012401
591,2684,26,049,012402,26049012402
592,3832,26,125,170400,26125170400
593,1985,26,125,171600,26125171600
594,2649,26,125,173500,26125173500
595,3553,26,125,121500,26125121500
596,3799,26,125,122200,26125122200
597,1609,26,125,184700,26125184700
598,3019,26,125,175000,26125175000
599,4053,26,125,175200,26125175200
600,5809,26,125,181300,26125181300
601,4663,26,125,191200,26125191200
602,4576,26,125,193400,26125193400
603,4443,26,163,556400,26163556400
604,4537,26,163,558200,26163558200
605,2375,26,163,538100,26163538100
606,2040,26,163,570900,26163570900
607,3022,26,163,575400,26163575400
608,3139,26,163,579700,26163579700
609,1848,26,163,584600,26163584600
610,3129,26,163,554200,26163554200
611,2370,26,151,970500,26151970500
612,2044,26,151,970600,26151970600
613,4289,26,151,971000,26151971000
614,1612,26,151,970100,26151970100
615,3431,26,151,970300,26151970300
616,3965,26,151,971100,26151971100
617,3899,26,151,970400,26151970400
618,5850,26,151,970800,26151970800
619,4720,26,151,970900,26151970900
620,1722,26,151,970700,26151970700
621,5069,26,151,971200,26151971200
622,2405,26,151,970200,26151970200
623,1707,26,131,970100,26131970100
624,1738,26,131,970300,26131970300
625,2930,26,027,001100,26027001100
626,2242,26,125,153100,26125153100
627,3216,26,125,157500,26125157500
628,4035,26,125,158000,26125158000
629,3136,26,125,158100,26125158100
630,3269,26,125,158200,26125158200
631,2966,26,125,160300,26125160300
632,2457,26,125,161600,26125161600
633,2656,26,125,166000,26125166000
634,3715,26,125,166600,26125166600
635,4538,26,125,167800,26125167800
636,2310,26,021,002100,26021002100
637,4760,26,021,001700,26021001700
638,2202,26,129,950100,26129950100
639,1663,26,129,950300,26129950300
640,2568,26,129,950600,26129950600
641,2916,26,129,950400,26129950400
642,4579,26,129,950500,26129950500
643,3080,26,129,950200,26129950200
644,1517,26,135,970500,26135970500
645,1544,26,135,970300,26135970300
646,1974,26,135,970400,26135970400
647,2249,26,039,960100,26039960100
648,3526,26,039,960200,26039960200
649,2179,26,039,960400,26039960400
650,2266,26,039,960500,26039960500
651,3616,26,039,960300,26039960300
652,1403,26,037,010203,26037010203
653,2494,26,037,010600,26037010600
654,1787,26,037,010204,26037010204
655,5257,26,037,010300,26037010300
656,4529,26,163,597000,26163597000
657,2761,26,163,584500,26163584500
658,1660,26,163,585700,26163585700
659,3026,26,093,742201,26093742201
660,2987,26,027,001200,26027001200
661,3783,26,027,001000,26027001000
662,3863,26,027,001500,26027001500
663,2627,26,143,970700,26143970700
664,2340,26,093,742202,26093742202
665,1306,26,093,742401,26093742401
666,3864,26,093,742402,26093742402
667,0,26,097,990000,26097990000
668,0,26,095,980000,26095980000
669,0,26,095,990000,26095990000
670,7787,26,099,220001,26099220001
671,4578,26,099,220002,26099220002
672,860,26,163,522100,26163522100
673,1166,26,163,525500,26163525500
674,6873,26,159,011800,26159011800
675,5468,26,159,011900,26159011900
676,6199,26,159,012000,26159012000
677,0,26,159,990000,26159990000
678,3433,26,161,411900,26161411900
679,4041,26,161,412000,26161412000
680,4610,26,161,413401,26161413401
681,5605,26,161,413402,26161413402
682,2138,26,161,413403,26161413403
683,2169,26,161,446200,26161446200
684,3126,26,161,446400,26161446400
685,19,26,161,984000,26161984000
686,2258,26,163,505400,26163505400
687,1190,26,163,505500,26163505500
688,1216,26,163,508100,26163508100
689,1737,26,163,511000,26163511000
690,2462,26,163,511300,26163511300
691,2261,26,163,511400,26163511400
692,3529,26,163,513700,26163513700
693,2379,26,163,514200,26163514200
694,1652,26,163,515900,26163515900
695,1850,26,163,516000,26163516000
696,2501,26,163,517300,26163517300
697,1869,26,163,518900,26163518900
698,1808,26,163,522500,26163522500
699,1535,26,163,511900,26163511900
700,1339,26,163,524900,26163524900
701,759,26,163,525000,26163525000
702,2061,26,081,002000,26081002000
703,4279,26,081,002600,26081002600
704,2436,26,081,011401,26081011401
705,7256,26,081,011600,26081011600
706,4350,26,081,001102,26081001102
707,3341,26,081,001200,26081001200
708,3174,26,081,002100,26081002100
709,4686,26,081,002500,26081002500
710,3445,26,081,002700,26081002700
711,5123,26,081,003400,26081003400
712,5366,26,081,004100,26081004100
713,4401,26,081,010200,26081010200
714,5534,26,081,010301,26081010301
715,5751,26,081,010700,26081010700
716,4741,26,081,011101,26081011101
717,7470,26,081,011801,26081011801
718,1127,26,147,630100,26147630100
719,4646,26,147,636000,26147636000
720,3293,26,147,655600,26147655600
721,3286,26,147,645000,26147645000
722,1092,26,147,648000,26147648000
723,4014,26,147,650100,26147650100
724,4792,26,147,620000,26147620000
725,4127,26,147,621000,26147621000
726,2053,26,147,626000,26147626000
727,2391,26,147,629000,26147629000
728,2875,26,147,633100,26147633100
729,2120,26,147,637300,26147637300
730,5350,26,147,642000,26147642000
731,4777,26,147,646000,26147646000
732,5413,26,147,657200,26147657200
733,3730,26,147,658500,26147658500
734,4050,26,147,622000,26147622000
735,1738,26,147,624000,26147624000
736,3924,26,147,632000,26147632000
737,2601,26,147,633200,26147633200
738,3719,26,147,634100,26147634100
739,2978,26,163,512100,26163512100
740,1509,26,163,512300,26163512300
741,2389,26,163,535000,26163535000
742,1483,26,163,525600,26163525600
743,3624,26,163,526000,26163526000
744,1209,26,163,533100,26163533100
745,3507,26,085,961100,26085961100
746,2605,26,085,961200,26085961200
747,3112,26,085,961300,26085961300
748,5271,26,077,006103,26077006103
749,2093,26,079,950601,26079950601
750,1767,26,079,950602,26079950602
751,4418,26,055,551000,26055551000
752,3583,26,055,551100,26055551100
753,3253,26,055,551200,26055551200
754,7887,26,055,551300,26055551300
755,5301,26,055,551400,26055551400
756,3110,26,055,551500,26055551500
757,0,26,055,990000,26055990000
758,3805,26,057,000100,26057000100
759,4858,26,057,000200,26057000200
760,4177,26,057,000300,26057000300
761,3707,26,057,000400,26057000400
762,5289,26,057,000500,26057000500
763,4281,26,057,000600,26057000600
764,3233,26,057,000700,26057000700
765,4205,26,057,000800,26057000800
766,3396,26,057,000900,26057000900
767,4116,26,057,001000,26057001000
768,3514,26,099,262400,26099262400
769,5302,26,099,262500,26099262500
770,1189,26,163,530400,26163530400
771,2949,26,163,531500,26163531500
772,1467,26,163,532400,26163532400
773,1700,26,163,534100,26163534100
774,1625,26,163,534400,26163534400
775,1854,26,163,537100,26163537100
776,4946,26,163,566900,26163566900
777,2786,26,163,507000,26163507000
778,2226,26,163,501600,26163501600
779,1678,26,163,506300,26163506300
780,919,26,163,506700,26163506700
781,1032,26,163,507200,26163507200
782,9283,26,099,224100,26099224100
783,4544,26,099,225600,26099225600
784,7186,26,099,225800,26099225800
785,5213,26,099,225900,26099225900
786,3676,26,099,230500,26099230500
787,6783,26,099,231700,26099231700
788,6942,26,099,240600,26099240600
789,3092,26,099,241400,26099241400
790,6391,26,099,247200,26099247200
791,0,26,105,990000,26105990000
792,2533,26,111,291601,26111291601
793,4698,26,111,291602,26111291602
794,4384,26,117,970100,26117970100
795,3458,26,117,970200,26117970200
796,3307,26,117,970300,26117970300
797,3346,26,117,970400,26117970400
798,7508,26,117,970500,26117970500
799,5258,26,117,970600,26117970600
800,5525,26,117,970700,26117970700
801,4648,26,117,970800,26117970800
802,3205,26,117,970900,26117970900
803,1918,26,107,981300,26107981300
804,6749,26,163,561200,26163561200
805,7705,26,163,561300,26163561300
806,5262,26,163,564401,26163564401
807,5030,26,163,564402,26163564402
808,4940,26,163,564501,26163564501
809,3699,26,163,564502,26163564502
810,3547,26,163,564503,26163564503
811,7046,26,163,564504,26163564504
812,3546,26,163,567201,26163567201
813,3056,26,163,567202,26163567202
814,6853,26,125,156200,26125156200
815,4009,26,125,152000,26125152000
816,4542,26,125,156500,26125156500
817,2749,26,125,166500,26125166500
818,2834,26,125,168500,26125168500
819,2904,26,125,180100,26125180100
820,3470,26,125,190800,26125190800
821,3533,26,125,196300,26125196300
822,3090,26,125,134500,26125134500
823,3014,26,125,122700,26125122700
824,2703,26,125,156000,26125156000
825,3841,26,125,134900,26125134900
826,2513,26,125,142000,26125142000
827,1798,26,125,161500,26125161500
828,4963,26,125,167400,26125167400
829,1686,26,125,173600,26125173600
830,4591,26,125,121400,26125121400
831,2115,26,125,128700,26125128700
832,3352,26,125,134700,26125134700
833,3006,26,147,647000,26147647000
834,4024,26,147,651600,26147651600
835,3185,26,147,652600,26147652600
836,2610,26,147,658100,26147658100
837,2781,26,147,623000,26147623000
838,1494,26,147,625000,26147625000
839,3114,26,147,628000,26147628000
840,5433,26,147,634600,26147634600
841,2652,26,163,556200,26163556200
842,972,26,163,553000,26163553000
843,2415,26,163,553600,26163553600
844,3509,26,163,554900,26163554900
845,2480,26,163,556700,26163556700
846,4396,26,163,557700,26163557700
847,1906,26,163,558300,26163558300
848,3961,26,163,558500,26163558500
849,2552,26,163,558700,26163558700
850,5410,26,163,560200,26163560200
851,6802,26,163,561900,26163561900
852,1981,26,163,564900,26163564900
853,5545,26,163,565200,26163565200
854,1726,26,163,515400,26163515400
855,3624,26,163,515700,26163515700
856,809,26,163,516400,26163516400
857,4687,26,033,970900,26033970900
858,3638,26,033,970500,26033970500
859,4921,26,033,970600,26033970600
860,3449,26,033,970200,26033970200
861,4205,26,033,970800,26033970800
862,3687,26,115,830300,26115830300
863,3067,26,115,832100,26115832100
864,4605,26,025,003700,26025003700
865,5716,26,121,002300,26121002300
866,1910,26,121,003900,26121003900
867,4926,26,121,000100,26121000100
868,2408,26,121,001200,26121001200
869,5022,26,121,001700,26121001700
870,4817,26,121,001800,26121001800
871,3264,26,121,002400,26121002400
872,6098,26,121,002800,26121002800
873,2977,26,121,000300,26121000300
874,3174,26,121,000800,26121000800
875,4074,26,121,001402,26121001402
876,5089,26,121,001902,26121001902
877,3808,26,121,002601,26121002601
878,7910,26,121,002700,26121002700
879,5463,26,121,002900,26121002900
880,3467,26,121,000900,26121000900
881,2577,26,121,001600,26121001600
882,3764,26,121,002000,26121002000
883,4347,26,121,002602,26121002602
884,5172,26,121,003300,26121003300
885,3822,26,121,001901,26121001901
886,4377,26,121,003000,26121003000
887,6981,26,127,010300,26127010300
888,3352,26,127,010500,26127010500
889,3787,26,127,010400,26127010400
890,4836,26,089,970500,26089970500
891,1459,26,089,970400,26089970400
892,2205,26,089,970100,26089970100
893,3560,26,161,420200,26161420200
894,7507,26,161,422200,26161422200
895,4904,26,161,432000,26161432000
896,7146,26,161,400300,26161400300
897,4619,26,161,400600,26161400600
898,2005,26,161,404200,26161404200
899,3154,26,161,414500,26161414500
900,6664,26,161,423400,26161423400
901,5302,26,161,453000,26161453000
902,2781,26,161,445000,26161445000
903,1836,26,125,173100,26125173100
904,5433,26,125,173400,26125173400
905,4540,26,099,230000,26099230000
906,4802,26,099,241700,26099241700
907,2842,26,099,251400,26099251400
908,2983,26,099,261300,26099261300
909,4267,26,099,260400,26099260400
910,1453,26,099,261600,26099261600
911,3331,26,099,262000,26099262000
912,4787,26,099,263600,26099263600
913,8877,26,099,222102,26099222102
914,5530,26,099,222101,26099222101
915,6002,26,099,225701,26099225701
916,1762,26,099,225702,26099225702
917,7115,26,099,230601,26099230601
918,3383,26,081,012300,26081012300
919,5250,26,081,012703,26081012703
920,4285,26,081,012800,26081012800
921,6848,26,081,013200,26081013200
922,1892,26,081,014100,26081014100
923,3962,26,081,014200,26081014200
924,2269,26,081,000100,26081000100
925,3979,26,081,000500,26081000500
926,4497,26,081,001700,26081001700
927,3923,26,081,002300,26081002300
928,3034,26,081,002400,26081002400
929,1528,26,081,002800,26081002800
930,4415,26,081,001000,26081001000
931,3406,26,081,001500,26081001500
932,3984,26,081,003300,26081003300
933,3765,26,081,004000,26081004000
934,5998,26,081,010101,26081010101
935,5290,26,081,010401,26081010401
936,4279,26,081,010402,26081010402
937,4823,26,081,011301,26081011301
938,6885,26,081,012201,26081012201
939,6899,26,081,012202,26081012202
940,4116,26,081,012400,26081012400
941,4368,26,081,012702,26081012702
942,5603,26,081,013400,26081013400
943,6333,26,081,013900,26081013900
944,3192,26,081,014300,26081014300
945,2279,26,081,001400,26081001400
946,4953,26,081,012004,26081012004
947,3163,26,081,012605,26081012605
948,5550,26,081,012606,26081012606
949,5068,26,081,012902,26081012902
950,1491,26,081,013801,26081013801
951,10648,26,081,014602,26081014602
952,8374,26,081,014807,26081014807
953,3071,26,081,000700,26081000700
954,3255,26,081,000900,26081000900
955,4520,26,081,003700,26081003700
956,2577,26,081,010102,26081010102
957,12143,26,081,010600,26081010600
958,8434,26,081,010801,26081010801
959,7355,26,081,010904,26081010904
960,4231,26,081,011200,26081011200
961,6337,26,081,011302,26081011302
962,2786,26,081,011403,26081011403
963,4697,26,081,011702,26081011702
964,4826,26,081,011803,26081011803
965,2331,26,081,000200,26081000200
966,4280,26,081,000600,26081000600
967,5936,26,081,001101,26081001101
968,5413,26,081,001900,26081001900
969,5259,26,081,003500,26081003500
970,2699,26,081,003600,26081003600
971,3602,26,081,003900,26081003900
972,5726,26,081,004600,26081004600
973,6219,26,081,010802,26081010802
974,4862,26,081,012500,26081012500
975,7075,26,081,013802,26081013802
976,1727,26,065,004493,26065004493
977,4220,26,065,004801,26065004801
978,3306,26,065,004802,26065004802
979,3578,26,065,005401,26065005401
980,4758,26,065,006301,26065006301
981,4217,26,065,006302,26065006302
982,4316,26,065,006401,26065006401
983,3222,26,065,006402,26065006402
984,3017,26,065,006600,26065006600
985,4547,26,065,006700,26065006700
986,4539,26,065,006800,26065006800
987,5536,26,065,007000,26065007000
988,884,26,065,980000,26065980000
989,5,26,065,980100,26065980100
990,0,26,065,980200,26065980200
991,0,26,065,980300,26065980300
992,6434,26,067,031900,26067031900
993,1859,26,067,032100,26067032100
994,3220,26,067,982200,26067982200
995,2459,26,069,000100,26069000100
996,2737,26,099,250200,26099250200
997,1498,26,099,250400,26099250400
998,2298,26,099,251300,26099251300
999,3950,26,099,255200,26099255200
1000,1733,26,099,255900,26099255900
1001,2260,26,099,256000,26099256000
1002,1696,26,099,256300,26099256300
1003,2061,26,099,258500,26099258500
1004,4641,26,099,214500,26099214500
1005,3705,26,099,258800,26099258800
1006,3038,26,099,260700,26099260700
1007,4769,26,099,260900,26099260900
1008,2719,26,099,261200,26099261200
1009,4443,26,099,262200,26099262200
1010,2690,26,099,263200,26099263200
1011,2054,26,099,264000,26099264000
1012,2882,26,099,225100,26099225100
1013,1366,26,099,221500,26099221500
1014,5436,26,099,224400,26099224400
1015,3533,26,099,230400,26099230400
1016,5368,26,099,230700,26099230700
1017,4387,26,099,231000,26099231000
1018,2790,26,107,960200,26107960200
1019,4481,26,107,960400,26107960400
1020,5923,26,107,961000,26107961000
1021,2167,26,103,000500,26103000500
1022,1794,26,103,002600,26103002600
1023,2240,26,103,000100,26103000100
1024,2363,26,103,001700,26103001700
1025,3103,26,103,000700,26103000700
1026,5765,26,103,001200,26103001200
1027,3094,26,103,002400,26103002400
1028,2316,26,103,000200,26103000200
1029,2132,26,103,000300,26103000300
1030,2040,26,103,002300,26103002300
1031,2890,26,103,001500,26103001500
1032,2925,26,103,001800,26103001800
1033,3148,26,103,002100,26103002100
1034,5193,26,065,005700,26065005700
1035,2884,26,065,000800,26065000800
1036,3267,26,065,002700,26065002700
1037,2997,26,065,003500,26065003500
1038,2781,26,065,002800,26065002800
1039,2807,26,065,003301,26065003301
1040,2380,26,065,003400,26065003400
1041,5282,26,065,003700,26065003700
1042,3107,26,163,591502,26163591502
1043,0,26,163,985000,26163985000
1044,182,26,163,985100,26163985100
1045,0,26,163,985200,26163985200
1046,235,26,163,985300,26163985300
1047,4,26,163,985400,26163985400
1048,0,26,163,985500,26163985500
1049,0,26,163,985600,26163985600
1050,0,26,163,985700,26163985700
1051,0,26,163,985900,26163985900
1052,0,26,163,990100,26163990100
1053,0,26,163,990200,26163990200
1054,4679,26,165,380400,26165380400
1055,5080,26,165,380100,26165380100
1056,4524,26,165,380200,26165380200
1057,4667,26,079,950200,26079950200
1058,5234,26,079,950300,26079950300
1059,3702,26,079,950400,26079950400
1060,3821,26,111,290300,26111290300
1061,4282,26,111,291500,26111291500
1062,4100,26,111,291700,26111291700
1063,2547,26,111,290600,26111290600
1064,3582,26,111,290700,26111290700
1065,1885,26,111,290500,26111290500
1066,7972,26,111,290900,26111290900
1067,6062,26,111,291000,26111291000
1068,4496,26,111,291300,26111291300
1069,3579,26,111,290100,26111290100
1070,2402,26,125,193500,26125193500
1071,1919,26,125,194200,26125194200
1072,6910,26,125,122400,26125122400
1073,2423,26,125,123000,26125123000
1074,2724,26,125,126200,26125126200
1075,3523,26,125,126400,26125126400
1076,3188,26,125,126500,26125126500
1077,5667,26,125,127100,26125127100
1078,6625,26,125,127700,26125127700
1079,4117,26,125,128400,26125128400
1080,6440,26,125,128900,26125128900
1081,3131,26,125,129000,26125129000
1082,3979,26,125,130300,26125130300
1083,2886,26,125,131600,26125131600
1084,2753,26,125,196700,26125196700
1085,2909,26,125,197100,26125197100
1086,3541,26,125,128200,26125128200
1087,3486,26,125,125000,26125125000
1088,4046,26,099,251800,26099251800
1089,2117,26,099,252100,26099252100
1090,2509,26,099,255800,26099255800
1091,1742,26,099,256200,26099256200
1092,3617,26,163,562600,26163562600
1093,4113,26,163,566700,26163566700
1094,4731,26,163,571500,26163571500
1095,2214,26,163,584700,26163584700
1096,3909,26,111,291400,26111291400
1097,5182,26,111,290800,26111290800
1098,5496,26,111,291200,26111291200
1099,2628,26,021,020300,26021020300
1100,5319,26,021,021000,26021021000
1101,1986,26,021,021100,26021021100
1102,1601,26,021,021200,26021021200
1103,2515,26,021,000400,26021000400
1104,4480,26,021,001400,26021001400
1105,1743,26,021,001900,26021001900
1106,4149,26,021,001100,26021001100
1107,4527,26,163,523800,26163523800
1108,3102,26,163,524000,26163524000
1109,3900,26,163,524100,26163524100
1110,2199,26,163,525400,26163525400
1111,5255,26,163,525700,26163525700
1112,1849,26,163,526500,26163526500
1113,1561,26,163,530300,26163530300
1114,1650,26,163,531700,26163531700
1115,2005,26,163,532600,26163532600
1116,722,26,163,532700,26163532700
1117,915,26,163,533200,26163533200
1118,931,26,163,533700,26163533700
1119,3206,26,163,521900,26163521900
1120,2149,26,163,516900,26163516900
1121,1179,26,163,521400,26163521400
1122,1014,26,163,522400,26163522400
1123,3977,26,163,523200,26163523200
1124,3994,26,163,524700,26163524700
1125,1802,26,163,525800,26163525800
1126,3339,26,163,526200,26163526200
1127,1766,26,163,530500,26163530500
1128,990,26,163,531100,26163531100
1129,2481,26,163,531200,26163531200
1130,1941,26,163,531600,26163531600
1131,1018,26,163,533300,26163533300
1132,3968,26,163,534200,26163534200
1133,2046,26,163,535200,26163535200
1134,2153,26,161,404400,26161404400
1135,2982,26,161,410100,26161410100
1136,2462,26,161,412600,26161412600
1137,4735,26,161,431000,26161431000
1138,5850,26,161,456000,26161456000
1139,3531,26,161,410400,26161410400
1140,3329,26,139,020600,26139020600
1141,8554,26,139,021500,26139021500
1142,4404,26,139,020400,26139020400
1143,5333,26,139,021000,26139021000
1144,4860,26,139,021100,26139021100
1145,5334,26,021,020200,26021020200
1146,2928,26,021,020700,26021020700
1147,5088,26,021,021300,26021021300
1148,4766,26,021,001800,26021001800
1149,3354,26,021,002000,26021002000
1150,2201,26,021,002500,26021002500
1151,6635,26,021,010200,26021010200
1152,2047,26,021,000900,26021000900
1153,1777,26,021,001000,26021001000
1154,2206,26,021,001300,26021001300
1155,1968,26,021,011600,26021011600
1156,3250,26,021,020900,26021020900
1157,3983,26,021,021400,26021021400
1158,2709,26,021,000700,26021000700
1159,3109,26,021,001500,26021001500
1160,2022,26,021,002300,26021002300
1161,3601,26,021,010100,26021010100
1162,5043,26,021,010600,26021010600
1163,3106,26,021,011200,26021011200
1164,2041,26,021,000300,26021000300
1165,1627,26,021,000500,26021000500
1166,5244,26,021,000800,26021000800
1167,1876,26,021,002400,26021002400
1168,4014,26,021,011300,26021011300
1169,2417,26,021,011400,26021011400
1170,2519,26,021,020100,26021020100
1171,3414,26,021,000600,26021000600
1172,3050,26,021,002200,26021002200
1173,2809,26,021,010400,26021010400
1174,3815,26,021,020400,26021020400
1175,3043,26,021,020500,26021020500
1176,4772,26,021,010300,26021010300
1177,3243,26,021,020600,26021020600
1178,4044,26,125,168700,26125168700
1179,5087,26,125,197701,26125197701
1180,2792,26,031,960200,26031960200
1181,2388,26,031,960600,26031960600
1182,4555,26,031,960300,26031960300
1183,3123,26,031,960700,26031960700
1184,2888,26,031,960100,26031960100
1185,2408,26,031,960500,26031960500
1186,1915,26,095,960200,26095960200
1187,4449,26,095,960100,26095960100
1188,6038,26,081,012604,26081012604
1189,5174,26,081,012901,26081012901
1190,5436,26,081,013300,26081013300
1191,2367,26,081,013600,26081013600
1192,11347,26,081,014501,26081014501
1193,4067,26,081,014701,26081014701
1194,3125,26,087,339000,26087339000
1195,2218,26,087,334500,26087334500
1196,1729,26,087,331000,26087331000
1197,2804,26,087,331500,26087331500
1198,5702,26,087,332000,26087332000
1199,5246,26,087,336000,26087336000
1200,4746,26,087,338500,26087338500
1201,3997,26,087,340000,26087340000
1202,4756,26,087,341000,26087341000
1203,3593,26,087,332500,26087332500
1204,4266,26,087,341500,26087341500
1205,8573,26,081,004500,26081004500
1206,3765,26,081,003100,26081003100
1207,4765,26,081,003800,26081003800
1208,4485,26,081,004200,26081004200
1209,4175,26,081,011001,26081011001
1210,5231,26,081,011102,26081011102
1211,3889,26,069,000200,26069000200
1212,2702,26,069,000300,26069000300
1213,3355,26,069,000400,26069000400
1214,3808,26,069,000500,26069000500
1215,2775,26,069,000600,26069000600
1216,2674,26,069,000700,26069000700
1217,1731,26,069,000800,26069000800
1218,1854,26,069,000900,26069000900
1219,0,26,069,990000,26069990000
1220,2329,26,071,000100,26071000100
1221,1504,26,071,000200,26071000200
1222,2739,26,071,000300,26071000300
1223,2193,26,071,000400,26071000400
1224,2447,26,071,000500,26071000500
1225,3419,26,073,000100,26073000100
1226,5015,26,073,000200,26073000200
1227,5149,26,073,000300,26073000300
1228,5472,26,073,000400,26073000400
1229,4213,26,073,000500,26073000500
1230,4362,26,073,000600,26073000600
1231,8382,26,073,000700,26073000700
1232,3236,26,073,000800,26073000800
1233,4004,26,073,000900,26073000900
1234,4296,26,073,940100,26073940100
1235,5955,26,073,940200,26073940200
1236,5534,26,073,940300,26073940300
1237,4272,26,125,161800,26125161800
1238,3317,26,125,162500,26125162500
1239,3529,26,125,166800,26125166800
1240,3568,26,125,166900,26125166900
1241,3749,26,125,167300,26125167300
1242,2349,26,125,168100,26125168100
1243,2335,26,125,171200,26125171200
1244,1659,26,125,172400,26125172400
1245,2772,26,125,173200,26125173200
1246,2746,26,125,180000,26125180000
1247,2673,26,125,183400,26125183400
1248,2980,26,125,184000,26125184000
1249,2673,26,125,184300,26125184300
1250,4152,26,125,190200,26125190200
1251,3263,26,125,193000,26125193000
1252,2929,26,125,194100,26125194100
1253,4594,26,125,194600,26125194600
1254,6362,26,125,196000,26125196000
1255,5316,26,125,196500,26125196500
1256,4710,26,125,197300,26125197300
1257,1865,26,065,003901,26065003901
1258,4592,26,065,004301,26065004301
1259,5629,26,065,006200,26065006200
1260,1548,26,065,004403,26065004403
1261,4370,26,065,004600,26065004600
1262,1897,26,065,000100,26065000100
1263,2614,26,065,000400,26065000400
1264,4334,26,065,002902,26065002902
1265,3865,26,065,003602,26065003602
1266,5785,26,065,005201,26065005201
1267,5319,26,065,004100,26065004100
1268,1532,26,065,004402,26065004402
1269,3803,26,065,004500,26065004500
1270,3915,26,065,005303,26065005303
1271,6227,26,065,005501,26065005501
1272,3178,26,065,002300,26065002300
1273,2781,26,065,004302,26065004302
1274,2539,26,085,960100,26085960100
1275,2948,26,125,180300,26125180300
1276,6458,26,125,181200,26125181200
1277,2557,26,125,193600,26125193600
1278,4829,26,125,127600,26125127600
1279,4450,26,125,128300,26125128300
1280,2998,26,125,130500,26125130500
1281,6935,26,125,130700,26125130700
1282,3102,26,125,134800,26125134800
1283,8107,26,125,136600,26125136600
1284,4434,26,125,136800,26125136800
1285,2788,26,125,140600,26125140600
1286,5216,26,037,010400,26037010400
1287,4479,26,037,010902,26037010902
1288,3857,26,037,011001,26037011001
1289,2502,26,037,010702,26037010702
1290,4648,26,037,011101,26037011101
1291,3498,26,037,011002,26037011002
1292,7131,26,091,060700,26091060700
1293,9719,26,091,061700,26091061700
1294,5894,26,091,061500,26091061500
1295,2678,26,091,062000,26091062000
1296,3526,26,091,061400,26091061400
1297,4569,26,105,950400,26105950400
1298,5137,26,105,950600,26105950600
1299,2396,26,105,950100,26105950100
1300,3480,26,105,950200,26105950200
1301,3063,26,105,950700,26105950700
1302,3679,26,105,950300,26105950300
1303,3665,26,105,950500,26105950500
1304,2895,26,105,950800,26105950800
1305,3133,26,029,001200,26029001200
1306,1523,26,029,001300,26029001300
1307,1242,26,029,001400,26029001400
1308,2460,26,029,001000,26029001000
1309,1904,26,029,001100,26029001100
1310,2487,26,029,001500,26029001500
1311,0,26,029,990000,26029990000
1312,0,26,033,980100,26033980100
1313,1467,26,033,980200,26033980200
1314,177,26,033,980300,26033980300
1315,0,26,031,990000,26031990000
1316,0,26,033,990000,26033990000
1317,0,26,033,990100,26033990100
1318,1664,26,035,000100,26035000100
1319,1177,26,035,000200,26035000200
1320,2428,26,035,000300,26035000300
1321,3685,26,035,000400,26035000400
1322,1534,26,035,000500,26035000500
1323,1509,26,163,504400,26163504400
1324,2764,26,163,536600,26163536600
1325,3212,26,163,536900,26163536900
1326,566,26,163,537200,26163537200
1327,3152,26,163,539600,26163539600
1328,3980,26,163,542100,26163542100
1329,1887,26,163,542300,26163542300
1330,2432,26,163,544000,26163544000
1331,4356,26,045,020404,26045020404
1332,0,26,041,990000,26041990000
1333,0,26,041,990100,26041990100
1334,7864,26,099,218000,26099218000
1335,6779,26,099,225200,26099225200
1336,4679,26,099,225300,26099225300
1337,2642,26,099,226400,26099226400
1338,1563,26,099,228100,26099228100
1339,4990,26,099,231500,26099231500
1340,2558,26,099,241300,26099241300
1341,5976,26,099,242000,26099242000
1342,3720,26,099,245000,26099245000
1343,3015,26,099,245200,26099245200
1344,3110,26,099,250300,26099250300
1345,2946,26,099,250800,26099250800
1346,1976,26,099,251500,26099251500
1347,4183,26,099,254500,26099254500
1348,4216,26,099,255300,26099255300
1349,3448,26,099,255600,26099255600
1350,1427,26,099,256400,26099256400
1351,1633,26,099,256800,26099256800
1352,2495,26,099,258300,26099258300
1353,4627,26,099,258600,26099258600
1354,5227,26,099,221800,26099221800
1355,7177,26,099,227000,26099227000
1356,2267,26,099,244000,26099244000
1357,2434,26,099,256100,26099256100
1358,4437,26,099,262300,26099262300
1359,6447,26,099,247300,26099247300
1360,8330,26,099,223900,26099223900
1361,5000,26,099,241200,26099241200
1362,3325,26,099,255100,26099255100
1363,2701,26,099,258200,26099258200
1364,4482,26,099,210000,26099210000
1365,4882,26,099,224300,26099224300
1366,7641,26,099,230900,26099230900
1367,5874,26,099,211000,26099211000
1368,2587,26,099,242100,26099242100
1369,2975,26,099,251900,26099251900
1370,2110,26,125,197702,26125197702
1371,2314,26,125,168800,26125168800
1372,5359,26,125,168900,26125168900
1373,0,26,125,981000,26125981000
1374,5453,26,127,010600,26127010600
1375,3961,26,091,060302,26091060302
1376,3499,26,091,060401,26091060401
1377,2492,26,091,062200,26091062200
1378,3249,26,091,060402,26091060402
1379,4026,26,091,062100,26091062100
1380,5305,26,091,062300,26091062300
1381,5129,26,091,062400,26091062400
1382,3110,26,093,712101,26093712101
1383,2867,26,093,712102,26093712102
1384,4436,26,093,712601,26093712601
1385,3578,26,093,712602,26093712602
1386,2279,26,093,724001,26093724001
1387,2303,26,093,724002,26093724002
1388,2444,26,093,724003,26093724003
1389,2871,26,093,730101,26093730101
1390,4033,26,093,730102,26093730102
1391,2719,26,093,733601,26093733601
1392,3705,26,093,733602,26093733602
1393,1861,26,093,741601,26093741601
1394,3454,26,093,741602,26093741602
1395,2024,26,099,256700,26099256700
1396,4340,26,099,254100,26099254100
1397,2717,26,099,261800,26099261800
1398,770,26,145,000100,26145000100
1399,3399,26,145,000900,26145000900
1400,4914,26,145,010200,26145010200
1401,5271,26,145,010502,26145010502
1402,2567,26,145,010800,26145010800
1403,7074,26,145,011300,26145011300
1404,2364,26,145,011702,26145011702
1405,2632,26,145,000800,26145000800
1406,2238,26,145,011800,26145011800
1407,1597,26,145,012200,26145012200
1408,4345,26,145,013000,26145013000
1409,4132,26,145,002100,26145002100
1410,9824,26,145,010100,26145010100
1411,7980,26,145,010302,26145010302
1412,1495,26,145,000200,26145000200
1413,3257,26,145,002000,26145002000
1414,1833,26,145,000700,26145000700
1415,5330,26,081,011701,26081011701
1416,6459,26,081,012002,26081012002
1417,5039,26,081,012203,26081012203
1418,7270,26,081,012701,26081012701
1419,6662,26,081,013700,26081013700
1420,7269,26,081,014000,26081014000
1421,4965,26,081,014703,26081014703
1422,5748,26,081,014806,26081014806
1423,3262,26,125,133003,26125133003
1424,0,26,121,990000,26121990000
1425,5625,26,125,121700,26125121700
1426,3502,26,125,135000,26125135000
1427,5517,26,125,135100,26125135100
1428,3328,26,125,135200,26125135200
1429,5288,26,125,135300,26125135300
1430,4985,26,125,136101,26125136101
1431,4493,26,125,136102,26125136102
1432,3827,26,125,138301,26125138301
1433,7199,26,125,138302,26125138302
1434,3956,26,125,140301,26125140301
1435,3648,26,125,140302,26125140302
1436,5239,26,125,140900,26125140900
1437,5801,26,125,143500,26125143500
1438,3959,26,125,144701,26125144701
1439,3740,26,125,145501,26125145501
1440,3896,26,125,145502,26125145502
1441,3030,26,125,145900,26125145900
1442,3721,26,065,006002,26065006002
1443,1793,26,163,530900,26163530900
1444,605,26,163,527200,26163527200
1445,944,26,163,527300,26163527300
1446,2908,26,163,533900,26163533900
1447,5097,26,163,552800,26163552800
1448,8402,26,077,002905,26077002905
1449,4489,26,077,002801,26077002801
1450,5566,26,077,002903,26077002903
1451,7814,26,077,003004,26077003004
1452,909,26,077,000202,26077000202
1453,1846,26,077,001100,26077001100
1454,8093,26,077,001506,26077001506
1455,2804,26,077,001601,26077001601
1456,2183,26,077,000201,26077000201
1457,5874,26,077,001000,26077001000
1458,4446,26,077,001502,26077001502
1459,6679,26,077,001507,26077001507
1460,1843,26,077,001604,26077001604
1461,3432,26,125,157300,26125157300
1462,1873,26,125,161000,26125161000
1463,3386,26,125,161300,26125161300
1464,1319,26,125,162200,26125162200
1465,3519,26,125,165200,26125165200
1466,5547,26,125,181600,26125181600
1467,2639,26,143,971100,26143971100
1468,1803,26,143,970100,26143970100
1469,3767,26,143,971000,26143971000
1470,877,26,143,970500,26143970500
1471,2184,26,143,970600,26143970600
1472,1813,26,143,970200,26143970200
1473,2075,26,143,970400,26143970400
1474,3124,26,143,970300,26143970300
1475,3504,26,099,241500,26099241500
1476,4858,26,099,241900,26099241900
1477,3804,26,099,245100,26099245100
1478,1606,26,099,251000,26099251000
1479,3142,26,099,251600,26099251600
1480,2787,26,099,252200,26099252200
1481,4409,26,099,254200,26099254200
1482,1501,26,099,256500,26099256500
1483,3759,26,099,258100,26099258100
1484,2773,26,099,260600,26099260600
1485,2752,26,099,261400,26099261400
1486,2345,26,163,533400,26163533400
1487,1513,26,163,535400,26163535400
1488,2815,26,163,552400,26163552400
1489,4026,26,163,546800,26163546800
1490,2786,26,163,550900,26163550900
1491,3557,26,163,551600,26163551600
1492,1751,26,163,553100,26163553100
1493,1023,26,163,553300,26163553300
1494,4804,26,163,554300,26163554300
1495,1659,26,163,513200,26163513200
1496,1879,26,163,507500,26163507500
1497,1179,26,163,508000,26163508000
1498,1015,26,163,514500,26163514500
1499,1991,26,163,515200,26163515200
1500,506,26,163,516100,26163516100
1501,850,26,163,516800,26163516800
1502,2981,26,163,520200,26163520200
1503,2473,26,163,520300,26163520300
1504,1932,26,163,522000,26163522000
1505,1161,26,163,522300,26163522300
1506,3247,26,163,523300,26163523300
1507,2586,26,061,000100,26061000100
1508,3076,26,061,000200,26061000200
1509,2097,26,061,000300,26061000300
1510,3147,26,061,000400,26061000400
1511,3732,26,061,000500,26061000500
1512,3893,26,061,000600,26061000600
1513,3324,26,061,000700,26061000700
1514,6520,26,061,000800,26061000800
1515,5110,26,061,000900,26061000900
1516,2875,26,061,001000,26061001000
1517,0,26,061,990000,26061990000
1518,0,26,063,990000,26063990000
1519,4286,26,065,001703,26065001703
1520,2110,26,065,002101,26065002101
1521,6279,26,065,003103,26065003103
1522,3913,26,065,004490,26065004490
1523,1228,26,065,004491,26065004491
1524,3417,26,065,004492,26065004492
1525,3360,26,065,004494,26065004494
1526,4156,26,065,005402,26065005402
1527,3415,26,065,006001,26065006001
1528,6373,26,099,230602,26099230602
1529,2086,26,099,247601,26099247601
1530,4700,26,099,247602,26099247602
1531,4021,26,099,268200,26099268200
1532,2594,26,099,268300,26099268300
1533,1838,26,163,562500,26163562500
1534,5972,26,163,563500,26163563500
1535,1663,26,163,563700,26163563700
1536,2062,26,163,564000,26163564000
1537,2584,26,163,564300,26163564300
1538,2150,26,163,566500,26163566500
1539,4340,26,163,567300,26163567300
1540,2772,26,163,567400,26163567400
1541,5261,26,163,570400,26163570400
1542,2311,26,163,570600,26163570600
1543,1929,26,163,571000,26163571000
1544,5957,26,163,572200,26163572200
1545,1220,26,163,572400,26163572400
1546,3713,26,099,263400,26099263400
1547,3989,26,099,216000,26099216000
1548,4102,26,013,000100,26013000100
1549,4405,26,013,000200,26013000200
1550,0,26,013,990100,26013990100
1551,3860,26,045,020601,26045020601
1552,2106,26,161,405400,26161405400
1553,2273,26,161,405500,26161405500
1554,4931,26,161,405600,26161405600
1555,2444,26,161,410200,26161410200
1556,3374,26,161,412100,26161412100
1557,5551,26,161,412700,26161412700
1558,4394,26,161,413200,26161413200
1559,2178,26,161,415200,26161415200
1560,3668,26,161,415800,26161415800
1561,4130,26,163,510500,26163510500
1562,1243,26,163,511200,26163511200
1563,1244,26,163,512600,26163512600
1564,2533,26,163,514300,26163514300
1565,3508,26,163,569300,26163569300
1566,2702,26,163,569900,26163569900
1567,4156,26,163,570100,26163570100
1568,2906,26,163,570800,26163570800
1569,2374,26,163,571700,26163571700
1570,2940,26,163,571800,26163571800
1571,4296,26,163,541500,26163541500
1572,2293,26,163,541700,26163541700
1573,2994,26,163,543200,26163543200
1574,1703,26,163,545300,26163545300
1575,1720,26,163,545400,26163545400
1576,5163,26,163,545600,26163545600
1577,2994,26,163,546700,26163546700
1578,4054,26,163,550200,26163550200
1579,4259,26,163,551400,26163551400
1580,3502,26,163,551800,26163551800
1581,3073,26,163,552000,26163552000
1582,3274,26,163,552300,26163552300
1583,4439,26,163,555100,26163555100
1584,3250,26,163,557400,26163557400
1585,2883,26,163,557600,26163557600
1586,4796,26,163,557900,26163557900
1587,1969,26,163,572500,26163572500
1588,3182,26,163,573000,26163573000
1589,4605,26,163,574600,26163574600
1590,1546,26,163,575600,26163575600
1591,3719,26,163,577400,26163577400
1592,3152,26,125,161700,26125161700
1593,3971,26,125,162300,26125162300
1594,4039,26,125,165100,26125165100
1595,5436,26,125,167000,26125167000
1596,2641,26,125,167900,26125167900
1597,2713,26,125,170300,26125170300
1598,4635,26,125,171000,26125171000
1599,3429,26,125,171300,26125171300
1600,2952,26,125,125600,26125125600
1601,4967,26,125,126300,26125126300
1602,3348,26,125,128500,26125128500
1603,4046,26,125,131500,26125131500
1604,4135,26,041,970800,26041970800
1605,4154,26,041,970500,26041970500
1606,5451,26,041,970400,26041970400
1607,3173,26,041,971100,26041971100
1608,4058,26,041,970600,26041970600
1609,1528,26,161,410900,26161410900
1610,3411,26,161,414000,26161414000
1611,2904,26,161,414200,26161414200
1612,4128,26,161,426000,26161426000
1613,7293,26,161,400500,26161400500
1614,6093,26,161,400200,26161400200
1615,2252,26,161,402600,26161402600
1616,5422,26,161,402700,26161402700
1617,2856,26,065,004700,26065004700
1618,3690,26,065,005002,26065005002
1619,3637,26,065,005202,26065005202
1620,6040,26,065,005502,26065005502
1621,4346,26,065,003902,26065003902
1622,3108,26,065,002000,26065002000
1623,1859,26,065,002600,26065002600
1624,2954,26,065,005600,26065005600
1625,5346,26,065,005900,26065005900
1626,4444,26,065,006100,26065006100
1627,5169,26,065,004902,26065004902
1628,2226,26,065,003200,26065003200
1629,3789,26,065,003801,26065003801
1630,7202,26,065,004901,26065004901
1631,7099,26,065,005001,26065005001
1632,6709,26,065,005302,26065005302
1633,6234,26,163,564600,26163564600
1634,3782,26,163,567000,26163567000
1635,2517,26,163,569100,26163569100
1636,2618,26,163,569200,26163569200
1637,4565,26,163,564800,26163564800
1638,381,26,163,518600,26163518600
1639,2626,26,163,583300,26163583300
1640,1621,26,163,584100,26163584100
1641,5774,26,163,584800,26163584800
1642,7082,26,163,586200,26163586200
1643,6544,26,163,587900,26163587900
1644,5522,26,163,595100,26163595100
1645,5563,26,163,599000,26163599000
1646,3119,26,163,537700,26163537700
1647,1897,26,163,538300,26163538300
1648,4579,26,163,538400,26163538400
1649,5310,26,163,539200,26163539200
1650,3452,26,163,540600,26163540600
1651,4503,26,163,541000,26163541000
1652,2822,26,163,541300,26163541300
1653,2343,26,163,588100,26163588100
1654,3724,26,163,577000,26163577000
1655,4334,26,163,577900,26163577900
1656,5061,26,163,578500,26163578500
1657,1757,26,163,579100,26163579100
1658,3325,26,163,579200,26163579200
1659,1647,26,163,579800,26163579800
1660,2844,26,163,580300,26163580300
1661,2616,26,163,580400,26163580400
1662,2496,26,099,262600,26099262600
1663,4072,26,099,262900,26099262900
1664,5500,26,099,212000,26099212000
1665,6956,26,099,221100,26099221100
1666,6081,26,099,221200,26099221200
1667,3232,26,099,222800,26099222800
1668,4099,26,099,224500,26099224500
1669,7578,26,099,225400,26099225400
1670,5599,26,099,225500,26099225500
1671,7483,26,099,226100,26099226100
1672,2724,26,099,258900,26099258900
1673,2747,26,099,260800,26099260800
1674,3590,26,099,261000,26099261000
1675,2879,26,099,217000,26099217000
1676,5129,26,067,031200,26067031200
1677,5633,26,067,031500,26067031500
1678,2621,26,163,517500,26163517500
1679,940,26,163,518500,26163518500
1680,1662,26,163,523100,26163523100
1681,5998,26,163,524200,26163524200
1682,1513,26,163,526400,26163526400
1683,2213,26,163,530100,26163530100
1684,1551,26,163,530800,26163530800
1685,1208,26,163,500400,26163500400
1686,1356,26,163,504100,26163504100
1687,3125,26,163,500800,26163500800
1688,2860,26,163,501900,26163501900
1689,2174,26,163,502000,26163502000
1690,2039,26,163,504300,26163504300
1691,969,26,163,505000,26163505000
1692,2165,26,163,506400,26163506400
1693,2497,26,103,002500,26103002500
1694,1943,26,103,000400,26103000400
1695,2694,26,103,000600,26103000600
1696,1594,26,103,001100,26103001100
1697,4109,26,103,001300,26103001300
1698,1546,26,103,001900,26103001900
1699,4299,26,027,002000,26027002000
1700,5573,26,027,002100,26027002100
1701,5883,26,027,002200,26027002200
1702,1848,26,029,000100,26029000100
1703,1248,26,029,000200,26029000200
1704,2347,26,029,000300,26029000300
1705,2677,26,029,000400,26029000400
1706,8117,26,067,031300,26067031300
1707,2922,26,067,030200,26067030200
1708,3943,26,125,194300,26125194300
1709,5409,26,125,124000,26125124000
1710,2912,26,125,128100,26125128100
1711,2862,26,125,130400,26125130400
1712,3129,26,125,120000,26125120000
1713,3435,26,125,120300,26125120300
1714,3282,26,125,121000,26125121000
1715,6194,26,125,124500,26125124500
1716,5513,26,125,127000,26125127000
1717,3568,26,125,128000,26125128000
1718,4515,26,125,134400,26125134400
1719,4282,26,125,134600,26125134600
1720,1738,26,125,137700,26125137700
1721,5298,26,125,138100,26125138100
1722,5618,26,125,141000,26125141000
1723,5916,26,125,132100,26125132100
1724,3561,26,125,132500,26125132500
1725,4385,26,125,133100,26125133100
1726,3007,26,125,145700,26125145700
1727,3018,26,125,141100,26125141100
1728,3765,26,125,141300,26125141300
1729,1561,26,125,142100,26125142100
1730,3390,26,125,150100,26125150100
1731,2805,26,125,150600,26125150600
1732,4533,26,125,150700,26125150700
1733,2967,26,125,152700,26125152700
1734,2456,26,125,154500,26125154500
1735,4581,26,125,156100,26125156100
1736,5601,26,005,031200,26005031200
1737,6522,26,005,031100,26005031100
1738,2563,26,125,162400,26125162400
1739,2764,26,125,160400,26125160400
1740,4081,26,125,161400,26125161400
1741,3514,26,125,162000,26125162000
1742,3032,26,125,165000,26125165000
1743,3582,26,125,166100,26125166100
1744,5328,26,125,167500,26125167500
1745,2891,26,125,170100,26125170100
1746,4236,26,125,173000,26125173000
1747,3802,26,037,010500,26037010500
1748,2072,26,037,010701,26037010701
1749,2902,26,037,010901,26037010901
1750,2225,26,037,010201,26037010201
1751,562,26,029,000500,26029000500
1752,2894,26,029,000800,26029000800
1753,1894,26,029,000900,26029000900
1754,4885,26,163,538500,26163538500
1755,2774,26,163,539000,26163539000
1756,2063,26,163,539700,26163539700
1757,5076,26,163,565300,26163565300
1758,4190,26,163,581900,26163581900
1759,2629,26,163,583000,26163583000
1760,3874,26,163,583900,26163583900
1761,2914,26,163,500200,26163500200
1762,1936,26,163,500300,26163500300
1763,1537,26,163,500500,26163500500
1764,2709,26,163,501100,26163501100
1765,3122,26,163,501300,26163501300
1766,2661,26,163,560100,26163560100
1767,3373,26,163,562800,26163562800
1768,5162,26,163,563400,26163563400
1769,4030,26,163,564200,26163564200
1770,4611,26,163,564700,26163564700
1771,4914,26,163,565000,26163565000
1772,3284,26,163,565700,26163565700
1773,3625,26,163,565800,26163565800
1774,977,26,163,566400,26163566400
1775,5128,26,163,567800,26163567800
1776,2504,26,163,569400,26163569400
1777,1845,26,163,571600,26163571600
1778,1639,26,043,950100,26043950100
1779,3415,26,043,950700,26043950700
1780,4581,26,043,950300,26043950300
1781,4429,26,043,950200,26043950200
1782,2724,26,043,950500,26043950500
1783,4598,26,043,950600,26043950600
1784,4184,26,043,950400,26043950400
1785,1298,26,063,950100,26063950100
1786,3449,26,063,950700,26063950700
1787,2123,26,063,951100,26063951100
1788,3945,26,063,951200,26063951200
1789,2226,26,063,950300,26063950300
1790,2075,26,063,950200,26063950200
1791,2634,26,063,950600,26063950600
1792,2089,26,063,950500,26063950500
1793,1828,26,163,507300,26163507300
1794,2218,26,163,507400,26163507400
1795,1574,26,163,512900,26163512900
1796,3102,26,163,516700,26163516700
1797,3359,26,163,517000,26163517000
1798,1140,26,163,517100,26163517100
1799,2787,26,163,518000,26163518000
1800,297,26,163,518400,26163518400
1801,3634,26,163,542900,26163542900
1802,3312,26,163,538900,26163538900
1803,3150,26,163,542200,26163542200
1804,2681,26,163,542500,26163542500
1805,1021,26,163,543500,26163543500
1806,739,26,163,543800,26163543800
1807,1984,26,163,544100,26163544100
1808,2562,26,163,545200,26163545200
1809,2056,26,139,022600,26139022600
1810,5255,26,139,020100,26139020100
1811,11372,26,139,023100,26139023100
1812,4386,26,139,020200,26139020200
1813,2376,26,163,544300,26163544300
1814,4193,26,163,545500,26163545500
1815,1490,26,049,001100,26049001100
1816,1331,26,049,001500,26049001500
1817,1492,26,049,001700,26049001700
1818,2004,26,049,001800,26049001800
1819,2260,26,049,003100,26049003100
1820,2297,26,049,003300,26049003300
1821,2524,26,049,010110,26049010110
1822,4013,26,049,010504,26049010504
1823,3006,26,049,010912,26049010912
1824,5521,26,049,011010,26049011010
1825,5955,26,049,011214,26049011214
1826,6839,26,049,011610,26049011610
1827,3215,26,163,554400,26163554400
1828,3836,26,163,554600,26163554600
1829,3028,26,163,555300,26163555300
1830,2152,26,163,556500,26163556500
1831,1897,26,163,556800,26163556800
1832,2419,26,163,557100,26163557100
1833,1828,26,163,558600,26163558600
1834,2404,26,163,559100,26163559100
1835,5840,26,163,560400,26163560400
1836,5337,26,163,562400,26163562400
1837,3599,26,163,562700,26163562700
1838,5531,26,049,012702,26049012702
1839,3423,26,049,012905,26049012905
1840,2228,26,049,012907,26049012907
1841,3061,26,049,003500,26049003500
1842,2417,26,049,000100,26049000100
1843,1650,26,049,010201,26049010201
1844,3045,26,049,011502,26049011502
1845,2048,26,049,012504,26049012504
1846,1842,26,049,000600,26049000600
1847,4089,26,049,003000,26049003000
1848,2919,26,049,010910,26049010910
1849,3187,26,049,012003,26049012003
1850,1540,26,049,012602,26049012602
1851,1326,26,049,001400,26049001400
1852,4100,26,049,010911,26049010911
1853,2773,26,049,011712,26049011712
1854,4009,26,049,013002,26049013002
1855,2274,26,103,002000,26103002000
1856,3249,26,103,002200,26103002200
1857,2200,26,103,001600,26103001600
1858,5060,26,123,971000,26123971000
1859,4762,26,123,971200,26123971200
1860,3763,26,123,970300,26123970300
1861,5209,26,123,970400,26123970400
1862,4199,26,123,970600,26123970600
1863,4292,26,123,970700,26123970700
1864,4401,26,123,970900,26123970900
1865,4677,26,123,970500,26123970500
1866,3279,26,123,970800,26123970800
1867,4314,26,123,970100,26123970100
1868,4186,26,123,971100,26123971100
1869,4010,26,133,970100,26133970100
1870,3357,26,133,970400,26133970400
1871,4220,26,133,970200,26133970200
1872,2987,26,133,970300,26133970300
1873,4279,26,133,970500,26133970500
1874,4379,26,133,970600,26133970600
1875,5495,26,137,950300,26137950300
1876,4582,26,137,950600,26137950600
1877,2803,26,137,950100,26137950100
1878,5903,26,137,950200,26137950200
1879,4050,26,163,573100,26163573100
1880,4449,26,163,573300,26163573300
1881,6709,26,163,573600,26163573600
1882,5170,26,163,573800,26163573800
1883,5166,26,163,573900,26163573900
1884,3408,26,163,574300,26163574300
1885,3998,26,163,574800,26163574800
1886,3595,26,163,575300,26163575300
1887,3800,26,163,576500,26163576500
1888,3940,26,163,576600,26163576600
1889,3079,26,163,577200,26163577200
1890,892,26,145,000400,26145000400
1891,2906,26,145,001100,26145001100
1892,4030,26,145,001500,26145001500
1893,1423,26,145,001800,26145001800
1894,1717,26,145,001900,26145001900
1895,2971,26,115,833600,26115833600
1896,2637,26,115,833700,26115833700
1897,4848,26,115,833800,26115833800
1898,3881,26,115,830500,26115830500
1899,3245,26,115,831000,26115831000
1900,2880,26,007,000400,26007000400
1901,4528,26,007,000100,26007000100
1902,2785,26,007,000700,26007000700
1903,3362,26,007,000300,26007000300
1904,4102,26,007,000200,26007000200
1905,2806,26,007,000900,26007000900
1906,1831,26,007,000500,26007000500
1907,3115,26,007,000800,26007000800
1908,3203,26,007,000600,26007000600
1909,2815,26,067,030300,26067030300
1910,6686,26,067,030400,26067030400
1911,4710,26,067,031400,26067031400
1912,5514,26,067,031600,26067031600
1913,6638,26,067,030100,26067030100
1914,4499,26,067,031700,26067031700
1915,1276,26,163,513600,26163513600
1916,2965,26,163,515300,26163515300
1917,784,26,163,516200,26163516200
1918,1791,26,163,516500,26163516500
1919,4709,26,163,501500,26163501500
1920,1942,26,163,501700,26163501700
1921,1239,26,163,504000,26163504000
1922,658,26,163,504800,26163504800
1923,3763,26,163,505100,26163505100
1924,3660,26,163,506600,26163506600
1925,2409,26,163,507100,26163507100
1926,960,26,163,531900,26163531900
1927,1250,26,163,532200,26163532200
1928,782,26,163,532300,26163532300
1929,1686,26,163,533600,26163533600
1930,4561,26,163,535300,26163535300
1931,1901,26,163,576000,26163576000
1932,6192,26,163,576100,26163576100
1933,6133,26,005,031000,26005031000
1934,4613,26,005,031800,26005031800
1935,2367,26,041,970300,26041970300
1936,3673,26,163,550500,26163550500
1937,949,26,163,543900,26163543900
1938,2343,26,163,546500,26163546500
1939,3295,26,163,550300,26163550300
1940,3779,26,163,551300,26163551300
1941,3996,26,163,552100,26163552100
1942,4869,26,077,002601,26077002601
1943,4834,26,077,001503,26077001503
1944,7910,26,077,002101,26077002101
1945,8188,26,077,002202,26077002202
1946,3872,26,077,003400,26077003400
1947,2720,26,077,000100,26077000100
1948,2230,26,077,001803,26077001803
1949,4517,26,077,001501,26077001501
1950,2960,26,077,002102,26077002102
1951,3087,26,107,960900,26107960900
1952,3053,26,107,960300,26107960300
1953,6816,26,107,960700,26107960700
1954,3504,26,107,960600,26107960600
1955,3775,26,093,730600,26093730600
1956,3888,26,093,743400,26093743400
1957,5006,26,107,960800,26107960800
1958,4354,26,107,960500,26107960500
1959,2332,26,107,960100,26107960100
1960,4369,26,115,832400,26115832400
1961,4111,26,115,833200,26115833200
1962,5062,26,115,833500,26115833500
1963,3735,26,115,830700,26115830700
1964,5277,26,115,833900,26115833900
1965,5391,26,115,833100,26115833100
1966,5258,26,005,030402,26005030402
1967,4962,26,005,030702,26005030702
1968,3520,26,125,190400,26125190400
1969,1782,26,125,191000,26125191000
1970,4634,26,125,193700,26125193700
1971,5996,26,125,194000,26125194000
1972,3542,26,125,194400,26125194400
1973,1560,26,033,971100,26033971100
1974,3418,26,099,268400,26099268400
1975,0,26,099,982100,26099982100
1976,3402,26,101,000100,26101000100
1977,1769,26,101,000200,26101000200
1978,2136,26,101,000300,26101000300
1979,2344,26,101,000400,26101000400
1980,3658,26,101,000500,26101000500
1981,11,26,099,982000,26099982000
1982,32,26,099,982200,26099982200
1983,103,26,099,982300,26099982300
1984,0,26,099,990100,26099990100
1985,1395,26,101,000600,26101000600
1986,4270,26,101,000700,26101000700
1987,3360,26,101,000800,26101000800
1988,2110,26,101,000900,26101000900
1989,0,26,101,990000,26101990000
1990,4714,26,103,002800,26103002800
1991,4142,26,103,002900,26103002900
1992,0,26,103,990000,26103990000
1993,3626,26,099,231200,26099231200
1994,5630,26,099,233000,26099233000
1995,4206,26,099,240700,26099240700
1996,5848,26,099,240800,26099240800
1997,5641,26,099,241800,26099241800
1998,4590,26,099,243000,26099243000
1999,6601,26,099,243500,26099243500
2000,2064,26,099,250500,26099250500
2001,7625,26,099,215500,26099215500
2002,15474,26,099,223800,26099223800
2003,4756,26,099,226700,26099226700
2004,4942,26,099,230200,26099230200
2005,4541,26,099,230300,26099230300
2006,3940,26,099,231100,26099231100
2007,2370,26,099,232000,26099232000
2008,4379,26,099,232500,26099232500
2009,1797,26,099,247500,26099247500
2010,2412,26,099,250000,26099250000
2011,2076,26,099,251100,26099251100
2012,3160,26,099,251200,26099251200
2013,4498,26,099,255000,26099255000
2014,1809,26,099,255700,26099255700
2015,3115,26,099,256600,26099256600
2016,5203,26,099,258400,26099258400
2017,2646,26,099,261700,26099261700
2018,2922,26,099,261900,26099261900
2019,1020,26,099,262100,26099262100
2020,3031,26,049,011800,26049011800
2021,2587,26,049,012006,26049012006
2022,1647,26,049,012007,26049012007
2023,2564,26,049,012009,26049012009
2024,1105,26,049,012202,26049012202
2025,5843,26,049,013204,26049013204
2026,2861,26,049,013111,26049013111
2027,3013,26,049,003700,26049003700
2028,1255,26,049,010111,26049010111
2029,4760,26,049,010810,26049010810
2030,5053,26,049,011211,26049011211
2031,2138,26,049,000700,26049000700
2032,2787,26,049,002600,26049002600
2033,4467,26,049,010305,26049010305
2034,2268,26,049,010503,26049010503
2035,2162,26,049,013110,26049013110
2036,2372,26,049,011505,26049011505
2037,3001,26,049,012008,26049012008
2038,2536,26,049,012201,26049012201
2039,1893,26,049,012802,26049012802
2040,5805,26,049,013301,26049013301
2041,5865,26,049,013401,26049013401
2042,5493,26,049,013202,26049013202
2043,891,26,049,000800,26049000800
2044,3484,26,049,001200,26049001200
2045,7722,26,005,030401,26005030401
2046,7759,26,005,030500,26005030500
2047,5105,26,005,031900,26005031900
2048,5190,26,005,032000,26005032000
2049,4645,26,005,032100,26005032100
2050,4831,26,005,031300,26005031300
2051,7723,26,005,030300,26005030300
2052,5033,26,005,030600,26005030600
2053,5009,26,005,030800,26005030800
2054,3612,26,163,577600,26163577600
2055,4743,26,163,577800,26163577800
2056,2432,26,163,578000,26163578000
2057,1839,26,163,579500,26163579500
2058,3378,26,163,558100,26163558100
2059,2820,26,163,555500,26163555500
2060,2901,26,163,563300,26163563300
2061,2179,26,163,568000,26163568000
2062,4683,26,163,574700,26163574700
2063,3843,26,163,583700,26163583700
2064,4369,26,163,599100,26163599100
2065,3305,26,163,593300,26163593300
2066,1963,26,163,534600,26163534600
2067,3277,26,163,537600,26163537600
2068,3898,26,163,587000,26163587000
2069,3205,26,163,582000,26163582000
2070,2291,26,163,536400,26163536400
2071,3427,26,163,540500,26163540500
2072,4634,26,163,500700,26163500700
2073,3462,26,163,576400,26163576400
2074,5358,26,163,578600,26163578600
2075,3244,26,163,584400,26163584400
2076,4694,26,163,592000,26163592000
2077,2336,26,163,540800,26163540800
2078,4211,26,163,558000,26163558000
2079,2136,26,163,561700,26163561700
2080,1867,26,163,503900,26163503900
2081,2844,26,163,540400,26163540400
2082,3462,26,163,568400,26163568400
2083,2936,26,163,524300,26163524300
2084,3733,26,163,584200,26163584200
2085,1716,26,163,503600,26163503600
2086,2100,26,163,506100,26163506100
2087,1254,26,163,531400,26163531400
2088,2245,26,163,536300,26163536300
2089,753,26,163,553200,26163553200
2090,3625,26,163,556600,26163556600
2091,3313,26,163,560300,26163560300
2092,3547,26,163,565100,26163565100
2093,2523,26,131,970200,26131970200
2094,4552,26,139,021603,26139021603
2095,7366,26,139,021604,26139021604
2096,6159,26,139,022900,26139022900
2097,2656,26,139,023200,26139023200
2098,4584,26,139,020900,26139020900
2099,4845,26,139,021700,26139021700
2100,6769,26,125,141500,26125141500
2101,3424,26,125,170200,26125170200
2102,3759,26,125,168400,26125168400
2103,2600,26,125,172500,26125172500
2104,4107,26,125,175300,26125175300
2105,2839,26,125,181100,26125181100
2106,3013,26,125,183300,26125183300
2107,4634,26,125,183800,26125183800
2108,2966,26,125,184100,26125184100
2109,2914,26,125,184600,26125184600
2110,2460,26,125,190500,26125190500
2111,2536,26,125,191100,26125191100
2112,5942,26,125,192000,26125192000
2113,4995,26,125,192400,26125192400
2114,3741,26,125,193100,26125193100
2115,3340,26,063,950800,26063950800
2116,3745,26,063,951000,26063951000
2117,3811,26,063,950900,26063950900
2118,808,26,063,950400,26063950400
2119,2396,26,065,000700,26065000700
2120,2232,26,065,001000,26065001000
2121,2956,26,163,580600,26163580600
2122,3414,26,163,581200,26163581200
2123,1623,26,163,521800,26163521800
2124,1772,26,163,520800,26163520800
2125,2876,26,127,010800,26127010800
2126,2403,26,127,010900,26127010900
2127,1565,26,127,011000,26127011000
2128,0,26,127,990000,26127990000
2129,3920,26,129,950900,26129950900
2130,1506,26,135,970201,26135970201
2131,3260,26,139,020501,26139020501
2132,8149,26,139,021400,26139021400
2133,2786,26,163,524800,26163524800
2134,3112,26,163,526100,26163526100
2135,3396,26,163,526300,26163526300
2136,1518,26,163,534300,26163534300
2137,1749,26,163,535100,26163535100
2138,1130,26,163,535700,26163535700
2139,3544,26,163,536100,26163536100
2140,2166,26,163,538200,26163538200
2141,2953,26,163,540100,26163540100
2142,3059,26,163,567900,26163567900
2143,2652,26,163,569500,26163569500
2144,4221,26,163,572700,26163572700
2145,4547,26,163,573500,26163573500
2146,4262,26,163,574100,26163574100
2147,3811,26,163,575000,26163575000
2148,2126,26,163,565600,26163565600
2149,2876,26,163,566800,26163566800
2150,2256,26,163,536200,26163536200
2151,1287,26,163,533500,26163533500
2152,3382,26,163,535500,26163535500
2153,3855,26,163,539300,26163539300
2154,3526,26,163,539500,26163539500
2155,3425,26,163,540300,26163540300
2156,3456,26,163,540700,26163540700
2157,3451,26,163,540900,26163540900
2158,3667,26,163,542600,26163542600
2159,5704,26,163,510600,26163510600
2160,1783,26,163,510700,26163510700
2161,1198,26,163,512200,26163512200
2162,1030,26,163,512400,26163512400
2163,4021,26,163,596200,26163596200
2164,1964,26,163,539100,26163539100
2165,2448,26,163,541800,26163541800
2166,2139,26,023,950900,26023950900
2167,5279,26,163,545800,26163545800
2168,4508,26,163,545900,26163545900
2169,3759,26,163,546200,26163546200
2170,2068,26,163,546600,26163546600
2171,1545,26,163,550400,26163550400
2172,3268,26,163,551700,26163551700
2173,3531,26,111,290200,26111290200
2174,2295,26,111,290400,26111290400
2175,9717,26,111,291102,26111291102
2176,3702,26,111,291101,26111291101
2177,5242,26,163,572800,26163572800
2178,2722,26,163,572900,26163572900
2179,5662,26,163,574000,26163574000
2180,1591,26,163,574900,26163574900
2181,3614,26,163,575500,26163575500
2182,3335,26,163,576700,26163576700
2183,5858,26,163,572100,26163572100
2184,5025,26,163,572600,26163572600
2185,3688,26,163,575200,26163575200
2186,2285,26,163,576200,26163576200
2187,2438,26,163,576300,26163576300
2188,2583,26,163,577100,26163577100
2189,2454,26,163,579300,26163579300
2190,2747,26,163,579600,26163579600
2191,1888,26,163,580100,26163580100
2192,2940,26,163,580500,26163580500
2193,636,26,163,534500,26163534500
2194,2982,26,163,534700,26163534700
2195,4134,26,163,535600,26163535600
2196,1023,26,163,536700,26163536700
2197,1861,26,163,536800,26163536800
2198,1678,26,163,537800,26163537800
2199,2874,26,093,722300,26093722300
2200,2235,26,093,722500,26093722500
2201,1765,26,093,710700,26093710700
2202,1626,26,093,713300,26093713300
2203,1974,26,093,733100,26093733100
2204,3873,26,093,740200,26093740200
2205,3666,26,035,000600,26035000600
2206,3246,26,035,000700,26035000700
2207,4403,26,035,000800,26035000800
2208,1901,26,035,000900,26035000900
2209,3077,26,035,001000,26035001000
2210,3835,26,035,001300,26035001300
2211,3402,26,037,010104,26037010104
2212,3759,26,037,010105,26037010105
2213,3846,26,049,004000,26049004000
2214,3321,26,009,960200,26009960200
2215,3332,26,009,960500,26009960500
2216,3416,26,045,020602,26045020602
2217,3044,26,045,020901,26045020901
2218,2748,26,093,743300,26093743300
2219,3865,26,093,743800,26093743800
2220,3108,26,093,744900,26093744900
2221,3406,26,093,732100,26093732100
2222,3598,26,051,000500,26051000500
2223,1921,26,051,000600,26051000600
2224,4604,26,051,000700,26051000700
2225,4232,26,051,000800,26051000800
2226,1784,26,051,000900,26051000900
2227,0,26,053,990000,26053990000
2228,6029,26,055,550101,26055550101
2229,3460,26,055,550102,26055550102
2230,4301,26,055,550200,26055550200
2231,6968,26,055,550300,26055550300
2232,6733,26,055,550400,26055550400
2233,6222,26,055,550500,26055550500
2234,10034,26,055,550600,26055550600
2235,9326,26,055,550700,26055550700
2236,6273,26,055,550800,26055550800
2237,4848,26,055,550900,26055550900
2238,1879,26,145,012400,26145012400
2239,3315,26,145,012600,26145012600
2240,5761,26,145,013100,26145013100
2241,2475,26,145,010600,26145010600
2242,5783,26,145,010700,26145010700
2243,1719,26,145,011100,26145011100
2244,1618,26,145,011701,26145011701
2245,3012,26,145,012300,26145012300
2246,4121,26,145,012500,26145012500
2247,4391,26,145,012700,26145012700
2248,2452,26,145,001300,26145001300
2249,2126,26,145,011902,26145011902
2250,4485,26,145,012900,26145012900
2251,1681,26,145,000600,26145000600
2252,2924,26,145,001200,26145001200
2253,3953,26,145,001000,26145001000
2254,2969,26,145,001400,26145001400
2255,5458,26,145,010403,26145010403
2256,2434,26,145,010501,26145010501
2257,2397,26,145,001700,26145001700
2258,5782,26,081,001600,26081001600
2259,6384,26,081,001800,26081001800
2260,3045,26,081,000400,26081000400
2261,3261,26,081,000800,26081000800
2262,8214,26,081,004400,26081004400
2263,7545,26,081,011902,26081011902
2264,3134,26,023,951100,26023951100
2265,3683,26,023,950100,26023950100
2266,2371,26,023,951000,26023951000
2267,3435,26,145,010303,26145010303
2268,4840,26,145,010304,26145010304
2269,2681,26,145,010401,26145010401
2270,5750,26,145,011000,26145011000
2271,1920,26,145,011901,26145011901
2272,3646,26,145,012002,26145012002
2273,2638,26,145,011500,26145011500
2274,3382,26,145,011600,26145011600
2275,3454,26,145,012001,26145012001
2276,4482,26,145,012003,26145012003
2277,6467,26,161,444000,26161444000
2278,3875,26,161,448000,26161448000
2279,7345,26,161,461000,26161461000
2280,6068,26,161,464000,26161464000
2281,6135,26,161,465000,26161465000
2282,2490,26,161,466000,26161466000
2283,3270,26,161,404100,26161404100
2284,4548,26,161,425000,26161425000
2285,2628,26,161,402300,26161402300
2286,6037,26,161,407400,26161407400
2287,2961,26,161,447000,26161447000
2288,2627,26,161,411200,26161411200
2289,1947,26,161,405100,26161405100
2290,3967,26,161,403300,26161403300
2291,4779,26,161,407000,26161407000
2292,3221,26,161,414300,26161414300
2293,2200,26,161,422900,26161422900
2294,3939,26,161,421100,26161421100
2295,3228,26,011,970200,26011970200
2296,4186,26,011,970500,26011970500
2297,2762,26,011,970400,26011970400
2298,2299,26,011,970100,26011970100
2299,2690,26,011,970300,26011970300
2300,6573,26,015,011400,26015011400
2301,6003,26,015,010100,26015010100
2302,3390,26,015,010800,26015010800
2303,3451,26,015,010500,26015010500
2304,5105,26,015,010700,26015010700
2305,5448,26,015,010200,26015010200
2306,8072,26,015,010300,26015010300
2307,6700,26,015,010600,26015010600
2308,7728,26,015,011300,26015011300
2309,3877,26,163,539400,26163539400
2310,5184,26,145,010402,26145010402
2311,3987,26,145,012100,26145012100
2312,3939,26,145,001600,26145001600
2313,2120,26,025,003400,26025003400
2314,1995,26,025,000300,26025000300
2315,3370,26,025,000500,26025000500
2316,2767,26,025,000700,26025000700
2317,2833,26,025,000800,26025000800
2318,4210,26,025,001900,26025001900
2319,3247,26,025,002200,26025002200
2320,3862,26,025,002300,26025002300
2321,2953,26,025,002400,26025002400
2322,2754,26,025,003500,26025003500
2323,3952,26,025,001300,26025001300
2324,3187,26,025,002900,26025002900
2325,2210,26,025,003300,26025003300
2326,4239,26,025,003800,26025003800
2327,3614,26,025,000200,26025000200
2328,3066,26,025,000600,26025000600
2329,2745,26,025,001600,26025001600
2330,3875,26,059,051100,26059051100
2331,4559,26,059,050100,26059050100
2332,2274,26,059,050300,26059050300
2333,4924,26,059,050900,26059050900
2334,3066,26,059,050200,26059050200
2335,3469,26,121,002100,26121002100
2336,3806,26,121,002200,26121002200
2337,7222,26,121,002500,26121002500
2338,4674,26,121,003100,26121003100
2339,5526,26,121,003700,26121003700
2340,1111,26,025,002100,26025002100
2341,4542,26,025,001700,26025001700
2342,4316,26,025,002800,26025002800
2343,3925,26,025,002500,26025002500
2344,2076,26,025,002600,26025002600
2345,6260,26,025,002700,26025002700
2346,4649,26,025,003900,26025003900
2347,3409,26,025,000900,26025000900
2348,4048,26,025,001000,26025001000
2349,2283,26,025,001200,26025001200
2350,4269,26,025,001400,26025001400
2351,5217,26,025,001500,26025001500
2352,5863,26,025,001800,26025001800
2353,5095,26,025,002000,26025002000
2354,2286,26,025,003200,26025003200
2355,2092,26,025,003600,26025003600
2356,4032,26,065,006500,26065006500
2357,5691,26,065,005800,26065005800
2358,1754,26,065,000600,26065000600
2359,2281,26,065,001200,26065001200
2360,1559,26,065,002200,26065002200
2361,3691,26,065,003601,26065003601
2362,4367,26,065,003802,26065003802
2363,0,26,003,990000,26003990000
2364,3161,26,005,030200,26005030200
2365,2944,26,005,030703,26005030703
2366,5021,26,005,030704,26005030704
2367,3102,26,005,030901,26005030901
2368,2506,26,005,030902,26005030902
2369,5163,26,005,032200,26005032200
2370,1834,26,005,032401,26005032401
2371,5074,26,075,006701,26075006701
2372,2053,26,163,523400,26163523400
2373,107,26,163,524500,26163524500
2374,1850,26,163,504200,26163504200
2375,3426,26,163,501400,26163501400
2376,3897,26,093,742900,26093742900
2377,2726,26,093,743700,26093743700
2378,2036,26,093,744600,26093744600
2379,4241,26,093,711000,26093711000
2380,3712,26,093,713500,26093713500
2381,2301,26,093,740500,26093740500
2382,2912,26,093,740600,26093740600
2383,1918,26,093,740900,26093740900
2384,3684,26,093,744200,26093744200
2385,4545,26,093,744800,26093744800
2386,1843,26,093,710500,26093710500
2387,3583,26,093,720100,26093720100
2388,3152,26,093,744700,26093744700
2389,3569,26,093,743900,26093743900
2390,2590,26,093,710100,26093710100
2391,4150,26,093,710300,26093710300
2392,3335,26,093,721100,26093721100
2393,2694,26,093,740800,26093740800
2394,2229,26,093,742500,26093742500
2395,1936,26,093,743500,26093743500
2396,2870,26,093,743600,26093743600
2397,2151,26,093,744400,26093744400
2398,3169,26,093,722100,26093722100
2399,4925,26,093,725000,26093725000
2400,4844,26,093,725100,26093725100
2401,3841,26,093,731100,26093731100
2402,2090,26,093,740300,26093740300
2403,3524,26,093,742700,26093742700
2404,4773,26,093,713100,26093713100
2405,4816,26,093,713700,26093713700
2406,3343,26,149,040700,26149040700
2407,3445,26,149,041600,26149041600
2408,4302,26,149,040900,26149040900
2409,1977,26,149,040200,26149040200
2410,4715,26,149,041500,26149041500
2411,2827,26,149,040300,26149040300
2412,2988,26,149,040600,26149040600
2413,2246,26,149,040400,26149040400
2414,3010,26,163,540200,26163540200
2415,2262,26,163,541100,26163541100
2416,2695,26,041,970900,26041970900
2417,2485,26,053,950100,26053950100
2418,2973,26,053,950600,26053950600
2419,992,26,053,950400,26053950400
2420,2394,26,053,950300,26053950300
2421,2128,26,053,950200,26053950200
2422,2398,26,053,950700,26053950700
2423,2044,26,053,950500,26053950500
2424,5720,26,047,970200,26047970200
2425,2172,26,047,970100,26047970100
2426,4099,26,047,970800,26047970800
2427,5674,26,047,970600,26047970600
2428,3740,26,047,970700,26047970700
2429,2771,26,047,970400,26047970400
2430,4285,26,047,970300,26047970300
2431,4578,26,047,970500,26047970500
2432,3165,26,163,577300,26163577300
2433,3919,26,163,580900,26163580900
2434,3632,26,163,581100,26163581100
2435,5024,26,163,583400,26163583400
2436,4655,26,163,584000,26163584000
2437,3583,26,163,585600,26163585600
2438,2930,26,163,585900,26163585900
2439,3961,26,163,589300,26163589300
2440,5523,26,163,593000,26163593000
2441,3874,26,163,595000,26163595000
2442,3867,26,163,568500,26163568500
2443,3470,26,163,569600,26163569600
2444,2781,26,163,570200,26163570200
2445,2901,26,163,571900,26163571900
2446,2486,26,163,517200,26163517200
2447,2568,26,163,520700,26163520700
2448,2193,26,075,001100,26075001100
2449,2961,26,075,006301,26075006301
2450,3363,26,075,000900,26075000900
2451,6537,26,075,005400,26075005400
2452,2818,26,075,005700,26075005700
2453,4759,26,075,006702,26075006702
2454,2483,26,075,001300,26075001300
2455,4966,26,075,005301,26075005301
2456,3736,26,075,005302,26075005302
2457,2303,26,075,005000,26075005000
2458,7190,26,075,005600,26075005600
2459,5052,26,075,005800,26075005800
2460,3961,26,005,032402,26005032402
2461,1452,26,005,032600,26005032600
2462,0,26,005,990000,26005990000
2463,0,26,009,990000,26009990000
2464,0,26,007,990000,26007990000
2465,0,26,011,990000,26011990000
2466,0,26,011,990100,26011990100
2467,3371,26,015,010401,26015010401
2468,4216,26,015,010402,26015010402
2469,5489,26,017,285201,26017285201
2470,3972,26,017,285202,26017285202
2471,1924,26,017,286500,26017286500
2472,4943,26,017,286600,26017286600
2473,0,26,017,990000,26017990000
2474,7291,26,019,000100,26019000100
2475,3287,26,019,000200,26019000200
2476,1798,26,019,000300,26019000300
2477,1971,26,019,000400,26019000400
2478,3205,26,019,000500,26019000500
2479,0,26,019,990000,26019990000
2480,0,26,021,990000,26021990000
2481,2123,26,025,004100,26025004100
2482,5693,26,023,951300,26023951300
2483,3497,26,027,001600,26027001600
2484,5185,26,027,001700,26027001700
2485,8199,26,027,001800,26027001800
2486,5261,26,027,001900,26027001900
2487,4165,26,023,951400,26023951400
2488,2745,26,023,951500,26023951500
2489,3395,26,023,951600,26023951600
2490,2375,26,163,577700,26163577700
2491,3013,26,163,580200,26163580200
2492,3686,26,163,583100,26163583100
2493,1866,26,141,950100,26141950100
2494,2466,26,141,950200,26141950200
2495,2313,26,141,950400,26141950400
2496,1339,26,141,950600,26141950600
2497,2073,26,141,950300,26141950300
2498,2740,26,141,950500,26141950500
2499,1969,26,077,001300,26077001300
2500,3573,26,077,001701,26077001701
2501,3946,26,077,001801,26077001801
2502,8877,26,077,002904,26077002904
2503,4086,26,077,000500,26077000500
2504,842,26,077,000900,26077000900
2505,4688,26,077,001906,26077001906
2506,2293,26,077,003002,26077003002
2507,5120,26,077,001504,26077001504
2508,4779,26,077,001802,26077001802
2509,4620,26,125,160600,26125160600
2510,4741,26,125,161200,26125161200
2511,6939,26,125,171400,26125171400
2512,5437,26,125,171500,26125171500
2513,1599,26,125,173300,26125173300
2514,3431,26,125,180200,26125180200
2515,5150,26,125,150300,26125150300
2516,2902,26,125,150400,26125150400
2517,4523,26,125,150800,26125150800
2518,3870,26,125,152600,26125152600
2519,1985,26,125,153200,26125153200
2520,2939,26,125,154100,26125154100
2521,2908,26,125,154600,26125154600
2522,4107,26,125,156300,26125156300
2523,1224,26,125,140100,26125140100
2524,5722,26,125,136500,26125136500
2525,6434,26,125,137400,26125137400
2526,3961,26,109,960200,26109960200
2527,3894,26,109,960600,26109960600
2528,3011,26,109,960500,26109960500
2529,3148,26,109,960700,26109960700
2530,2268,26,109,960300,26109960300
2531,3497,26,109,960100,26109960100
2532,3455,26,109,960400,26109960400
2533,4110,26,113,960100,26113960100
2534,2882,26,113,960400,26113960400
2535,3155,26,113,960200,26113960200
2536,4859,26,113,960300,26113960300
2537,2365,26,121,001300,26121001300
2538,5382,26,121,003200,26121003200
2539,4057,26,121,003400,26121003400
2540,4172,26,121,003500,26121003500
2541,6613,26,121,003600,26121003600
2542,4747,26,121,000500,26121000500
2543,1557,26,121,000601,26121000601
2544,3789,26,121,001500,26121001500
2545,3449,26,121,003800,26121003800
2546,2139,26,121,004000,26121004000
2547,1171,26,121,001000,26121001000
2548,0,26,109,990000,26109990000
2549,0,26,115,990000,26115990000
2550,6786,26,117,971000,26117971000
2551,4901,26,117,971100,26117971100
2552,4371,26,023,951200,26023951200
2553,3723,26,023,950200,26023950200
2554,4472,26,023,950800,26023950800
2555,3693,26,023,950300,26023950300
2556,2722,26,075,000100,26075000100
2557,4519,26,075,000800,26075000800
2558,2319,26,075,001200,26075001200
2559,983,26,075,000600,26075000600
2560,2521,26,075,001000,26075001000
2561,3707,26,155,031900,26155031900
2562,2737,26,017,280600,26017280600
2563,2907,26,017,281300,26017281300
2564,3737,26,017,285700,26017285700
2565,2465,26,017,286400,26017286400
2566,1305,26,017,280300,26017280300
2567,3515,26,017,285400,26017285400
2568,3637,26,017,286300,26017286300
2569,3552,26,017,280800,26017280800
2570,2850,26,017,286000,26017286000
2571,5135,26,017,286200,26017286200
2572,3216,26,017,280700,26017280700
2573,6257,26,017,285800,26017285800
2574,5058,26,017,285900,26017285900
2575,3357,26,017,285100,26017285100
2576,4485,26,017,285300,26017285300
2577,6800,26,017,285500,26017285500
2578,2736,26,017,280400,26017280400
2579,7024,26,017,285600,26017285600
2580,2898,26,017,280900,26017280900
2581,7542,26,017,286100,26017286100
2582,3283,26,017,280500,26017280500
2583,3962,26,017,281000,26017281000
2584,2926,26,045,020101,26045020101
2585,6302,26,045,020302,26045020302
2586,2895,26,045,020402,26045020402
2587,2752,26,045,020201,26045020201
2588,4000,26,045,020700,26045020700
2589,5152,26,045,020800,26045020800
2590,5626,26,045,021100,26045021100
2591,4337,26,045,020103,26045020103
2592,3926,26,045,020104,26045020104
2593,3244,26,045,020102,26045020102
2594,4975,26,045,020202,26045020202
2595,3520,26,045,020500,26045020500
2596,2250,26,041,970200,26041970200
2597,3660,26,041,970700,26041970700
2598,2007,26,163,541200,26163541200
2599,3434,26,149,040800,26149040800
2600,2913,26,149,041200,26149041200
2601,3221,26,125,181400,26125181400
2602,4438,26,125,183100,26125183100
2603,3412,26,125,183200,26125183200
2604,2434,26,125,183500,26125183500
2605,4253,26,125,183600,26125183600
2606,5702,26,125,183700,26125183700
2607,2585,26,125,183900,26125183900
2608,5275,26,125,190700,26125190700
2609,4149,26,125,191300,26125191300
2610,4743,26,125,193300,26125193300
2611,6236,26,125,196100,26125196100
2612,4108,26,125,196200,26125196200
2613,4494,26,125,196800,26125196800
2614,3488,26,125,197900,26125197900
2615,4435,26,125,141600,26125141600
2616,2308,26,125,142300,26125142300
2617,2027,26,125,142500,26125142500
2618,3474,26,125,142700,26125142700
2619,3828,26,125,144600,26125144600
2620,4946,26,125,145600,26125145600
2621,5971,26,117,971200,26117971200
2622,4912,26,117,971300,26117971300
2623,2270,26,119,910100,26119910100
2624,1478,26,119,910200,26119910200
2625,1793,26,119,910300,26119910300
2626,2370,26,119,910400,26119910400
2627,1350,26,119,910500,26119910500
2628,4887,26,121,000401,26121000401
2629,6973,26,075,006402,26075006402
2630,6678,26,075,006500,26075006500
2631,4883,26,075,006600,26075006600
2632,3181,26,075,006801,26075006801
2633,3037,26,075,006401,26075006401
2634,6896,26,075,006000,26075006000
2635,4090,26,075,000400,26075000400
2636,6749,26,075,006200,26075006200
2637,2490,26,163,543100,26163543100
2638,2635,26,163,543700,26163543700
2639,3600,26,163,546100,26163546100
2640,3858,26,163,550100,26163550100
2641,1551,26,163,550800,26163550800
2642,4798,26,163,551100,26163551100
2643,2747,26,163,554500,26163554500
2644,2727,26,163,555600,26163555600
2645,2681,26,163,559000,26163559000
2646,3338,26,163,562900,26163562900
2647,2007,26,163,563600,26163563600
2648,4353,26,163,564100,26163564100
2649,2408,26,163,569800,26163569800
2650,2672,26,163,565900,26163565900
2651,4108,26,163,568300,26163568300
2652,3363,26,163,568700,26163568700
2653,3231,26,163,570500,26163570500
2654,1852,26,163,572000,26163572000
2655,3657,26,163,573400,26163573400
2656,3117,26,163,577500,26163577500
2657,2598,26,163,583500,26163583500
2658,1923,26,163,585500,26163585500
2659,4302,26,163,585800,26163585800
2660,5938,26,163,588000,26163588000
2661,2360,26,163,590600,26163590600
2662,3767,26,139,020503,26139020503
2663,2889,26,139,020504,26139020504
2664,0,26,131,990100,26131990100
2665,1736,26,135,970202,26135970202
2666,5211,26,139,021201,26139021201
2667,7189,26,139,021202,26139021202
2668,3325,26,139,021301,26139021301
2669,2857,26,139,021303,26139021303
2670,5435,26,139,021304,26139021304
2671,4145,26,139,021605,26139021605
2672,5381,26,139,021606,26139021606
2673,4716,26,139,021801,26139021801
2674,4594,26,139,021802,26139021802
2675,4866,26,139,021901,26139021901
2676,7842,26,139,021902,26139021902
2677,5421,26,139,022001,26139022001
2678,4279,26,139,022002,26139022002
2679,1486,26,139,022103,26139022103
2680,6024,26,139,022105,26139022105
2681,4556,26,075,005100,26075005100
2682,6380,26,075,006100,26075006100
2683,1575,26,163,533000,26163533000
2684,3723,26,163,593200,26163593200
2685,3202,26,163,598000,26163598000
2686,2709,26,163,542400,26163542400
2687,3549,26,163,543400,26163543400
2688,1033,26,163,543600,26163543600
2689,824,26,163,545100,26163545100
2690,3062,26,163,500100,26163500100
2691,3444,26,163,500900,26163500900
2692,3392,26,163,501000,26163501000
2693,4688,26,163,501800,26163501800
2694,2745,26,163,503500,26163503500
2695,1599,26,163,504700,26163504700
2696,2128,26,163,506500,26163506500
2697,464,26,163,507800,26163507800
2698,2296,26,049,003400,26049003400
2699,2398,26,049,010112,26049010112
2700,2345,26,049,010113,26049010113
2701,959,26,049,010115,26049010115
2702,1614,26,049,010202,26049010202
2703,4984,26,049,010700,26049010700
2704,2507,26,049,010811,26049010811
2705,3192,26,049,010812,26049010812
2706,2458,26,049,011901,26049011901
2707,5164,26,049,011301,26049011301
2708,3467,26,049,011302,26049011302
2709,2594,26,041,971000,26041971000
2710,1653,26,041,970100,26041970100
2711,1983,26,163,546300,26163546300
2712,2364,26,163,551500,26163551500
2713,3149,26,075,000200,26075000200
2714,6657,26,075,005200,26075005200
2715,4072,26,075,005900,26075005900
2716,4693,26,075,005500,26075005500
2717,1617,26,075,000500,26075000500
2718,1792,26,097,950300,26097950300
2719,2307,26,097,950500,26097950500
2720,2393,26,097,950200,26097950200
2721,2883,26,097,950400,26097950400
2722,1442,26,097,950100,26097950100
2723,2068,26,115,832600,26115832600
2724,3447,26,115,830100,26115830100
2725,5844,26,115,830200,26115830200
2726,4027,26,115,830400,26115830400
2727,3224,26,115,831500,26115831500
2728,1436,26,115,831800,26115831800
2729,4887,26,115,831300,26115831300
2730,6930,26,115,831400,26115831400
2731,4840,26,115,832800,26115832800
2732,2586,26,115,831100,26115831100
2733,6925,26,115,831200,26115831200
2734,4482,26,115,832300,26115832300
2735,4471,26,115,833000,26115833000
2736,2947,26,115,830600,26115830600
2737,6867,26,115,830800,26115830800
2738,1376,26,115,831900,26115831900
2739,1780,26,115,832200,26115832200
2740,4485,26,115,832500,26115832500
2741,2687,26,115,832700,26115832700
2742,4403,26,115,832900,26115832900
2743,6488,26,115,833300,26115833300
2744,2535,26,115,830900,26115830900
2745,3162,26,115,831600,26115831600
2746,3924,26,115,831700,26115831700
2747,1597,26,115,832000,26115832000
2748,2596,26,163,583600,26163583600
2749,4754,26,163,583800,26163583800
2750,2031,26,163,586300,26163586300
2751,7137,26,163,590400,26163590400
2752,6355,26,163,590500,26163590500
2753,5919,26,163,591800,26163591800
2754,2028,26,163,513900,26163513900
2755,1916,26,163,506200,26163506200
2756,3525,26,163,506900,26163506900
2757,521,26,163,510400,26163510400
2758,2609,26,163,514100,26163514100
2759,1450,26,163,515600,26163515600
2760,768,26,163,516300,26163516300
2761,1905,26,163,521100,26163521100
2762,1050,26,163,521300,26163521300
2763,415,26,163,522200,26163522200
2764,4241,26,163,530200,26163530200
2765,916,26,163,531300,26163531300
2766,1374,26,163,531800,26163531800
2767,4040,26,163,554100,26163554100
2768,3430,26,163,556100,26163556100
2769,3868,26,163,556900,26163556900
2770,2522,26,163,558800,26163558800
2771,2212,26,163,562300,26163562300
2772,3615,26,163,567100,26163567100
2773,3220,26,163,563200,26163563200
2774,2343,26,163,563900,26163563900
2775,2001,26,163,566600,26163566600
2776,3966,26,163,568200,26163568200
2777,4430,26,163,569700,26163569700
2778,2208,26,163,575100,26163575100
2779,1366,26,163,580800,26163580800
2780,5916,26,163,581600,26163581600
2781,2267,26,163,583200,26163583200
2782,3135,26,163,546000,26163546000
2783,1336,26,163,546400,26163546400
2784,1643,26,163,501200,26163501200
2785,3168,26,163,503100,26163503100
2786,2471,26,163,503200,26163503200
2787,1047,26,163,503400,26163503400
2788,3096,26,163,505200,26163505200
2789,3938,26,163,506800,26163506800
2790,2204,26,163,557300,26163557300
2791,3209,26,163,557000,26163557000
2792,3896,26,163,558400,26163558400
2793,1770,26,163,558900,26163558900
2794,2140,26,163,559200,26163559200
2795,3895,26,163,561600,26163561600
2796,3097,26,163,563800,26163563800
2797,6660,26,163,591700,26163591700
2798,3103,26,163,594300,26163594300
2799,2611,26,163,594400,26163594400
2800,2752,26,049,002800,26049002800
2801,1354,26,049,003800,26049003800
2802,2673,26,049,010604,26049010604
2803,2701,26,049,001300,26049001300
2804,3216,26,049,002400,26049002400
2805,2095,26,049,002900,26049002900
2806,2116,26,049,003200,26049003200
2807,6184,26,049,003600,26049003600
2808,3734,26,139,022106,26139022106
2809,1312,26,139,022107,26139022107
2810,6133,26,139,022108,26139022108
2811,9776,26,139,022203,26139022203
2812,4648,26,139,022206,26139022206
